Lcl Date,Lcl Time,UTCOfst,AtvWpt,Latitude,Longitude,AltB,BaroA,AltMSL,OAT,IAS,GndSpd,VSpd,Pitch,Roll,LatAc,NormAc,HDG,TRK,volt1,FQtyL,FQtyR,E1 FFlow,E1 FPres,E1 OilT,E1 OilP,E1 MAP,E1 RPM,E1 CHT1,E1 CHT2,E1 CHT3,E1 CHT4,E1 EGT1,E1 EGT2,E1 EGT3,E1 EGT4,AltGPS,TAS,HSIS,CRS,NAV1,NAV2,COM1,COM2,HCDI,VCDI,WndSpd,WndDr,WptDst,WptBrg,MagVar,AfcsOn,RollM,PitchM,RollC,PichC,VSpdG,GPSfix,HAL,VAL,HPLwas,HPLfd,VPLwas
2025-01-28,15:57:24,,,35.057186,-118.152008,,29.92,0,,,0,,,,,,,180,24.0,,,,,,,,,,,,,,,,,,,,,,,,,,,,,,,,,,,,,,,,,,,
2025-01-28,16:07:58,,,35.057453,-118.152412,,29.92,0,,,0,,,,,,,30,24.0,,,,,,,,,,,,,,,,,,,,,,,,,,,,,,,,,,,,,,,,,,,
2025-01-28,16:08:06,,,35.057629,-118.152153,,29.92,0,,,7,,,,,,,75,24.0,,,,,,,,,,,,,,,,,,,,,,,,,,,,,,,,,,,,,,,,,,,
2025-01-28,16:08:16,,,35.057636,-118.151695,,29.92,0,,,8,,,,,,,90,24.0,,,,,,,,,,,,,,,,,,,,,,,,,,,,,,,,,,,,,,,,,,,
2025-01-28,16:08:28,,,35.057652,-118.151093,,29.92,0,,,11,,,,,,,90,24.0,,,,,,,,,,,,,,,,,,,,,,,,,,,,,,,,,,,,,,,,,,,
2025-01-28,16:08:36,,,35.05764,-118.15052,,29.92,0,,,13,,,,,,,90,24.0,,,,,,,,,,,,,,,,,,,,,,,,,,,,,,,,,,,,,,,,,,,
2025-01-28,16:08:43,,,35.05764,-118.150063,,29.92,0,,,14,,,,,,,92,24.0,,,,,,,,,,,,,,,,,,,,,,,,,,,,,,,,,,,,,,,,,,,
2025-01-28,16:08:53,,,35.057636,-118.149246,,29.92,0,,,15,,,,,,,90,24.0,,,,,,,,,,,,,,,,,,,,,,,,,,,,,,,,,,,,,,,,,,,
2025-01-28,16:08:55,,,35.057629,-118.149033,,29.92,0,,,15,,,,,,,95,24.0,,,,,,,,,,,,,,,,,,,,,,,,,,,,,,,,,,,,,,,,,,,
2025-01-28,16:08:58,,,35.057583,-118.148788,,29.92,0,,,14,,,,,,,109,24.0,,,,,,,,,,,,,,,,,,,,,,,,,,,,,,,,,,,,,,,,,,,
2025-01-28,16:09:05,,,35.057304,-118.148376,,29.92,0,,,15,,,,,,,137,24.0,,,,,,,,,,,,,,,,,,,,,,,,,,,,,,,,,,,,,,,,,,,
2025-01-28,16:09:08,,,35.057098,-118.148148,,29.92,0,,,15,,,,,,,135,24.0,,,,,,,,,,,,,,,,,,,,,,,,,,,,,,,,,,,,,,,,,,,
2025-01-28,16:09:13,,,35.056858,-118.147842,,29.92,0,,,16,,,,,,,135,24.0,,,,,,,,,,,,,,,,,,,,,,,,,,,,,,,,,,,,,,,,,,,
2025-01-28,16:09:17,,,35.056595,-118.147545,,29.92,0,,,17,,,,,,,135,24.0,,,,,,,,,,,,,,,,,,,,,,,,,,,,,,,,,,,,,,,,,,,
2025-01-28,16:09:21,,,35.056374,-118.14727,,29.92,0,,,17,,,,,,,135,24.0,,,,,,,,,,,,,,,,,,,,,,,,,,,,,,,,,,,,,,,,,,,
2025-01-28,16:09:25,,,35.056164,-118.147018,,29.92,0,,,18,,,,,,,135,24.0,,,,,,,,,,,,,,,,,,,,,,,,,,,,,,,,,,,,,,,,,,,
2025-01-28,16:09:28,,,35.05592,-118.146744,,29.92,0,,,19,,,,,,,135,24.0,,,,,,,,,,,,,,,,,,,,,,,,,,,,,,,,,,,,,,,,,,,
2025-01-28,16:09:35,,,35.055462,-118.146156,,29.92,0,,,20,,,,,,,135,24.0,,,,,,,,,,,,,,,,,,,,,,,,,,,,,,,,,,,,,,,,,,,
2025-01-28,16:09:42,,,35.054951,-118.145554,,29.92,0,,,22,,,,,,,135,24.0,,,,,,,,,,,,,,,,,,,,,,,,,,,,,,,,,,,,,,,,,,,
2025-01-28,16:09:51,,,35.054226,-118.144661,,29.92,0,,,23,,,,,,,135,24.0,,,,,,,,,,,,,,,,,,,,,,,,,,,,,,,,,,,,,,,,,,,
2025-01-28,16:09:58,,,35.053696,-118.144058,,29.92,0,,,24,,,,,,,135,24.0,,,,,,,,,,,,,,,,,,,,,,,,,,,,,,,,,,,,,,,,,,,
2025-01-28,16:10:05,,,35.053123,-118.143341,,29.92,0,,,23,,,,,,,135,24.0,,,,,,,,,,,,,,,,,,,,,,,,,,,,,,,,,,,,,,,,,,,
2025-01-28,16:10:13,,,35.052498,-118.142601,,29.92,0,,,22,,,,,,,135,24.0,,,,,,,,,,,,,,,,,,,,,,,,,,,,,,,,,,,,,,,,,,,
2025-01-28,16:10:21,,,35.051891,-118.141869,,29.92,0,,,23,,,,,,,135,24.0,,,,,,,,,,,,,,,,,,,,,,,,,,,,,,,,,,,,,,,,,,,
2025-01-28,16:10:28,,,35.051285,-118.141174,,29.92,0,,,25,,,,,,,135,24.0,,,,,,,,,,,,,,,,,,,,,,,,,,,,,,,,,,,,,,,,,,,
2025-01-28,16:10:35,,,35.050682,-118.14045,,29.92,0,,,26,,,,,,,135,24.0,,,,,,,,,,,,,,,,,,,,,,,,,,,,,,,,,,,,,,,,,,,
2025-01-28,16:10:43,,,35.050076,-118.139709,,29.92,0,,,24,,,,,,,135,24.0,,,,,,,,,,,,,,,,,,,,,,,,,,,,,,,,,,,,,,,,,,,
2025-01-28,16:10:50,,,35.049435,-118.138916,,29.92,0,,,25,,,,,,,135,24.0,,,,,,,,,,,,,,,,,,,,,,,,,,,,,,,,,,,,,,,,,,,
2025-01-28,16:10:57,,,35.048801,-118.138161,,29.92,0,,,26,,,,,,,135,24.0,,,,,,,,,,,,,,,,,,,,,,,,,,,,,,,,,,,,,,,,,,,
2025-01-28,16:11:05,,,35.048061,-118.137276,,29.92,0,,,27,,,,,,,135,24.0,,,,,,,,,,,,,,,,,,,,,,,,,,,,,,,,,,,,,,,,,,,
2025-01-28,16:11:13,,,35.047352,-118.136398,,29.92,0,,,26,,,,,,,135,24.0,,,,,,,,,,,,,,,,,,,,,,,,,,,,,,,,,,,,,,,,,,,
2025-01-28,16:11:20,,,35.046696,-118.135597,,29.92,0,,,27,,,,,,,135,24.0,,,,,,,,,,,,,,,,,,,,,,,,,,,,,,,,,,,,,,,,,,,
2025-01-28,16:11:27,,,35.046131,-118.134926,,29.92,0,,,25,,,,,,,135,24.0,,,,,,,,,,,,,,,,,,,,,,,,,,,,,,,,,,,,,,,,,,,
2025-01-28,16:11:34,,,35.045528,-118.134209,,29.92,0,,,23,,,,,,,135,24.0,,,,,,,,,,,,,,,,,,,,,,,,,,,,,,,,,,,,,,,,,,,
2025-01-28,16:11:41,,,35.044945,-118.133492,,29.92,0,,,21,,,,,,,135,24.0,,,,,,,,,,,,,,,,,,,,,,,,,,,,,,,,,,,,,,,,,,,
2025-01-28,16:11:48,,,35.044476,-118.132942,,29.92,0,,,19,,,,,,,135,24.0,,,,,,,,,,,,,,,,,,,,,,,,,,,,,,,,,,,,,,,,,,,
2025-01-28,16:11:56,,,35.044121,-118.132553,,29.92,0,,,13,,,,,,,135,24.0,,,,,,,,,,,,,,,,,,,,,,,,,,,,,,,,,,,,,,,,,,,
2025-01-28,16:11:59,,,35.044018,-118.132301,,29.92,0,,,12,,,,,,,106,24.0,,,,,,,,,,,,,,,,,,,,,,,,,,,,,,,,,,,,,,,,,,,
2025-01-28,16:12:03,,,35.044003,-118.13205,,29.92,0,,,10,,,,,,,78,24.0,,,,,,,,,,,,,,,,,,,,,,,,,,,,,,,,,,,,,,,,,,,
2025-01-28,16:12:11,,,35.04414,-118.131836,,29.92,0,,,4,,,,,,,50,24.0,,,,,,,,,,,,,,,,,,,,,,,,,,,,,,,,,,,,,,,,,,,
2025-01-28,16:17:31,,,35.04435,-118.131622,,29.92,0,,,8,,,,,,,45,24.0,,,,,,,,,,,,,,,,,,,,,,,,,,,,,,,,,,,,,,,,,,,
2025-01-28,16:17:38,,,35.044571,-118.131348,,29.92,0,,,10,,,,,,,42,24.0,,,,,,,,,,,,,,,,,,,,,,,,,,,,,,,,,,,,,,,,,,,
2025-01-28,16:17:45,,,35.044815,-118.131149,,29.92,0,,,10,,,,,,,25,24.0,,,,,,,,,,,,,,,,,,,,,,,,,,,,,,,,,,,,,,,,,,,
2025-01-28,16:17:50,,,35.045036,-118.131111,,29.92,0,,,9,,,,,,,345,24.0,,,,,,,,,,,,,,,,,,,,,,,,,,,,,,,,,,,,,,,,,,,
2025-01-28,16:17:55,,,35.045246,-118.131241,,29.92,0,,,10,,,,,,,323,24.0,,,,,,,,,,,,,,,,,,,,,,,,,,,,,,,,,,,,,,,,,,,
2025-01-28,16:18:02,,,35.045448,-118.131447,,29.92,0,,,7,,,,,,,315,24.0,,,,,,,,,,,,,,,,,,,,,,,,,,,,,,,,,,,,,,,,,,,
2025-01-28,16:20:54,,,35.045803,-118.131897,,29.92,0,,,0,,,,,,,315,24.0,,,,,,,,,,,,,,,,,,,,,,,,,,,,,,,,,,,,,,,,,,,
2025-01-28,16:21:01,,,35.047314,-118.133713,,29.92,0,,,96,,,,,,,315,24.0,,,,,,,,,,,,,,,,,,,,,,,,,,,,,,,,,,,,,,,,,,,
2025-01-28,16:21:09,,,35.05069,-118.137833,,29.92,0,,,166,,,,,,,315,24.0,,,,,,,,,,,,,,,,,,,,,,,,,,,,,,,,,,,,,,,,,,,
2025-01-28,16:21:18,,,35.056458,-118.144783,,29.92,0,,,204,,,,,,,316,24.0,,,,,,,,,,,,,,,,,,,,,,,,,,,,,,,,,,,,,,,,,,,
2025-01-28,16:21:27,,,35.062775,-118.152245,,29.92,0,,,222,,,,,,,315,24.0,,,,,,,,,,,,,,,,,,,,,,,,,,,,,,,,,,,,,,,,,,,
2025-01-28,16:21:34,,,35.067993,-118.158241,,29.92,0,,,240,,,,,,,317,24.0,,,,,,,,,,,,,,,,,,,,,,,,,,,,,,,,,,,,,,,,,,,
2025-01-28,16:21:38,,,35.072342,-118.162895,,29.92,0,,,274,,,,,,,320,24.0,,,,,,,,,,,,,,,,,,,,,,,,,,,,,,,,,,,,,,,,,,,
2025-01-28,16:21:41,,,35.074722,-118.165245,,29.92,0,,,292,,,,,,,322,24.0,,,,,,,,,,,,,,,,,,,,,,,,,,,,,,,,,,,,,,,,,,,
2025-01-28,16:21:43,,,35.077065,-118.167343,,29.92,0,,,305,,,,,,,325,24.0,,,,,,,,,,,,,,,,,,,,,,,,,,,,,,,,,,,,,,,,,,,
2025-01-28,16:21:45,,,35.079803,-118.169449,,29.92,0,,,322,,,,,,,328,24.0,,,,,,,,,,,,,,,,,,,,,,,,,,,,,,,,,,,,,,,,,,,
2025-01-28,16:21:47,,,35.082596,-118.171303,,29.92,4075,,,334,,,,,,,332,24.0,,,,,,,,,,,,,,,,,,,,,,,,,,,,,,,,,,,,,,,,,,,
2025-01-28,16:21:49,,,35.085434,-118.172867,,29.92,4200,,,350,,,,,,,338,24.0,,,,,,,,,,,,,,,,,,,,,,,,,,,,,,,,,,,,,,,,,,,
2025-01-28,16:21:52,,,35.089279,-118.174553,,29.92,4350,,,360,,,,,,,341,24.0,,,,,,,,,,,,,,,,,,,,,,,,,,,,,,,,,,,,,,,,,,,
2025-01-28,16:21:54,,,35.09317,-118.175674,,29.92,4525,,,372,,,,,,,346,24.0,,,,,,,,,,,,,,,,,,,,,,,,,,,,,,,,,,,,,,,,,,,
2025-01-28,16:21:56,,,35.096943,-118.176331,,29.92,4725,,,377,,,,,,,353,24.0,,,,,,,,,,,,,,,,,,,,,,,,,,,,,,,,,,,,,,,,,,,
2025-01-28,16:21:58,,,35.100479,-118.176559,,29.92,4900,,,377,,,,,,,358,24.0,,,,,,,,,,,,,,,,,,,,,,,,,,,,,,,,,,,,,,,,,,,
2025-01-28,16:22:00,,,35.10318,-118.176498,,29.92,5050,,,377,,,,,,,1,24.0,,,,,,,,,,,,,,,,,,,,,,,,,,,,,,,,,,,,,,,,,,,
2025-01-28,16:22:02,,,35.106903,-118.176064,,29.92,5250,,,377,,,,,,,8,24.0,,,,,,,,,,,,,,,,,,,,,,,,,,,,,,,,,,,,,,,,,,,
2025-01-28,16:22:05,,,35.111206,-118.17511,,29.92,5425,,,379,,,,,,,12,24.0,,,,,,,,,,,,,,,,,,,,,,,,,,,,,,,,,,,,,,,,,,,
2025-01-28,16:22:07,,,35.114456,-118.174103,,29.92,5575,,,381,,,,,,,15,24.0,,,,,,,,,,,,,,,,,,,,,,,,,,,,,,,,,,,,,,,,,,,
2025-01-28,16:22:09,,,35.119354,-118.172195,,29.92,5750,,,384,,,,,,,18,24.0,,,,,,,,,,,,,,,,,,,,,,,,,,,,,,,,,,,,,,,,,,,
2025-01-28,16:22:11,,,35.122269,-118.170776,,29.92,5875,,,388,,,,,,,21,24.0,,,,,,,,,,,,,,,,,,,,,,,,,,,,,,,,,,,,,,,,,,,
2025-01-28,16:22:13,,,35.125526,-118.16906,,29.92,5975,,,390,,,,,,,25,24.0,,,,,,,,,,,,,,,,,,,,,,,,,,,,,,,,,,,,,,,,,,,
2025-01-28,16:22:16,,,35.129059,-118.16687,,29.92,6100,,,386,,,,,,,28,24.0,,,,,,,,,,,,,,,,,,,,,,,,,,,,,,,,,,,,,,,,,,,
2025-01-28,16:22:18,,,35.132858,-118.16407,,29.92,6300,,,378,,,,,,,34,24.0,,,,,,,,,,,,,,,,,,,,,,,,,,,,,,,,,,,,,,,,,,,
2025-01-28,16:22:20,,,35.135952,-118.161392,,29.92,6500,,,374,,,,,,,37,24.0,,,,,,,,,,,,,,,,,,,,,,,,,,,,,,,,,,,,,,,,,,,
2025-01-28,16:22:22,,,35.138855,-118.158577,,29.92,6700,,,373,,,,,,,38,24.0,,,,,,,,,,,,,,,,,,,,,,,,,,,,,,,,,,,,,,,,,,,
2025-01-28,16:22:24,,,35.141354,-118.156013,,29.92,6850,,,374,,,,,,,40,24.0,,,,,,,,,,,,,,,,,,,,,,,,,,,,,,,,,,,,,,,,,,,
2025-01-28,16:22:26,,,35.143959,-118.153381,,29.92,7025,,,374,,,,,,,40,24.0,,,,,,,,,,,,,,,,,,,,,,,,,,,,,,,,,,,,,,,,,,,
2025-01-28,16:22:29,,,35.146706,-118.150467,,29.92,7200,,,377,,,,,,,41,24.0,,,,,,,,,,,,,,,,,,,,,,,,,,,,,,,,,,,,,,,,,,,
2025-01-28,16:22:31,,,35.150337,-118.146744,,29.92,7450,,,382,,,,,,,41,24.0,,,,,,,,,,,,,,,,,,,,,,,,,,,,,,,,,,,,,,,,,,,
2025-01-28,16:22:33,,,35.15313,-118.143829,,29.92,7600,,,384,,,,,,,41,24.0,,,,,,,,,,,,,,,,,,,,,,,,,,,,,,,,,,,,,,,,,,,
2025-01-28,16:22:35,,,35.156948,-118.139763,,29.92,7850,,,384,,,,,,,41,24.0,,,,,,,,,,,,,,,,,,,,,,,,,,,,,,,,,,,,,,,,,,,
2025-01-28,16:22:37,,,35.159649,-118.136902,,29.92,8075,,,382,,,,,,,41,24.0,,,,,,,,,,,,,,,,,,,,,,,,,,,,,,,,,,,,,,,,,,,
2025-01-28,16:22:40,,,35.162067,-118.134323,,29.92,8350,,,379,,,,,,,41,24.0,,,,,,,,,,,,,,,,,,,,,,,,,,,,,,,,,,,,,,,,,,,
2025-01-28,16:22:42,,,35.164722,-118.13147,,29.92,8625,,,379,,,,,,,42,24.0,,,,,,,,,,,,,,,,,,,,,,,,,,,,,,,,,,,,,,,,,,,
2025-01-28,16:22:44,,,35.168633,-118.127228,,29.92,8950,,,379,,,,,,,42,24.0,,,,,,,,,,,,,,,,,,,,,,,,,,,,,,,,,,,,,,,,,,,
2025-01-28,16:22:57,,,35.185112,-118.108749,,29.92,10550,,,384,,,,,,,42,24.0,,,,,,,,,,,,,,,,,,,,,,,,,,,,,,,,,,,,,,,,,,,
2025-01-28,16:23:10,,,35.202484,-118.089516,,29.92,11725,,,397,,,,,,,42,24.0,,,,,,,,,,,,,,,,,,,,,,,,,,,,,,,,,,,,,,,,,,,
2025-01-28,16:23:23,,,35.220154,-118.069565,,29.92,12600,,,413,,,,,,,43,24.0,,,,,,,,,,,,,,,,,,,,,,,,,,,,,,,,,,,,,,,,,,,
2025-01-28,16:23:56,,,35.264465,-118.018402,,29.92,16275,,,397,,,,,,,43,24.0,,,,,,,,,,,,,,,,,,,,,,,,,,,,,,,,,,,,,,,,,,,
2025-01-28,16:24:11,,,35.283104,-117.993279,,29.92,17600,,,403,,,,,,,54,24.0,,,,,,,,,,,,,,,,,,,,,,,,,,,,,,,,,,,,,,,,,,,
2025-01-28,16:24:13,,,35.285751,-117.988586,,29.92,17775,,,404,,,,,,,56,24.0,,,,,,,,,,,,,,,,,,,,,,,,,,,,,,,,,,,,,,,,,,,
2025-01-28,16:24:15,,,35.287811,-117.984695,,29.92,17900,,,407,,,,,,,57,24.0,,,,,,,,,,,,,,,,,,,,,,,,,,,,,,,,,,,,,,,,,,,
2025-01-28,16:24:17,,,35.28978,-117.98069,,29.92,18025,,,409,,,,,,,59,24.0,,,,,,,,,,,,,,,,,,,,,,,,,,,,,,,,,,,,,,,,,,,
2025-01-28,16:24:19,,,35.291931,-117.975883,,29.92,18150,,,411,,,,,,,62,24.0,,,,,,,,,,,,,,,,,,,,,,,,,,,,,,,,,,,,,,,,,,,
2025-01-28,16:24:21,,,35.293533,-117.971954,,29.92,18225,,,414,,,,,,,64,24.0,,,,,,,,,,,,,,,,,,,,,,,,,,,,,,,,,,,,,,,,,,,
2025-01-28,16:24:23,,,35.295303,-117.966988,,29.92,18325,,,417,,,,,,,66,24.0,,,,,,,,,,,,,,,,,,,,,,,,,,,,,,,,,,,,,,,,,,,
2025-01-28,16:24:26,,,35.296829,-117.962097,,29.92,18425,,,420,,,,,,,69,24.0,,,,,,,,,,,,,,,,,,,,,,,,,,,,,,,,,,,,,,,,,,,
2025-01-28,16:24:28,,,35.297928,-117.958313,,29.92,18475,,,423,,,,,,,71,24.0,,,,,,,,,,,,,,,,,,,,,,,,,,,,,,,,,,,,,,,,,,,
2025-01-28,16:24:30,,,35.299351,-117.952553,,29.92,18550,,,426,,,,,,,74,24.0,,,,,,,,,,,,,,,,,,,,,,,,,,,,,,,,,,,,,,,,,,,
2025-01-28,16:24:32,,,35.300354,-117.947502,,29.92,18600,,,430,,,,,,,76,24.0,,,,,,,,,,,,,,,,,,,,,,,,,,,,,,,,,,,,,,,,,,,
2025-01-28,16:24:34,,,35.301075,-117.942963,,29.92,18650,,,432,,,,,,,80,24.0,,,,,,,,,,,,,,,,,,,,,,,,,,,,,,,,,,,,,,,,,,,
2025-01-28,16:24:36,,,35.301819,-117.936249,,29.92,18750,,,436,,,,,,,83,24.0,,,,,,,,,,,,,,,,,,,,,,,,,,,,,,,,,,,,,,,,,,,
2025-01-28,16:24:39,,,35.302139,-117.931656,,29.92,18825,,,437,,,,,,,86,24.0,,,,,,,,,,,,,,,,,,,,,,,,,,,,,,,,,,,,,,,,,,,
2025-01-28,16:24:41,,,35.30233,-117.925438,,29.92,18950,,,439,,,,,,,88,24.0,,,,,,,,,,,,,,,,,,,,,,,,,,,,,,,,,,,,,,,,,,,
2025-01-28,16:24:43,,,35.302284,-117.920296,,29.92,19050,,,441,,,,,,,91,24.0,,,,,,,,,,,,,,,,,,,,,,,,,,,,,,,,,,,,,,,,,,,
2025-01-28,16:24:45,,,35.302006,-117.914452,,29.92,19200,,,442,,,,,,,94,24.0,,,,,,,,,,,,,,,,,,,,,,,,,,,,,,,,,,,,,,,,,,,
2025-01-28,16:24:47,,,35.301682,-117.909851,,29.92,19300,,,444,,,,,,,95,24.0,,,,,,,,,,,,,,,,,,,,,,,,,,,,,,,,,,,,,,,,,,,
2025-01-28,16:24:49,,,35.301178,-117.904816,,29.92,19425,,,445,,,,,,,98,24.0,,,,,,,,,,,,,,,,,,,,,,,,,,,,,,,,,,,,,,,,,,,
2025-01-28,16:24:52,,,35.300354,-117.898979,,29.92,19575,,,444,,,,,,,99,24.0,,,,,,,,,,,,,,,,,,,,,,,,,,,,,,,,,,,,,,,,,,,
2025-01-28,16:24:54,,,35.29953,-117.894173,,29.92,19725,,,446,,,,,,,102,24.0,,,,,,,,,,,,,,,,,,,,,,,,,,,,,,,,,,,,,,,,,,,
2025-01-28,16:24:56,,,35.298523,-117.889084,,29.92,19875,,,446,,,,,,,104,24.0,,,,,,,,,,,,,,,,,,,,,,,,,,,,,,,,,,,,,,,,,,,
2025-01-28,16:24:58,,,35.297195,-117.883186,,29.92,20075,,,447,,,,,,,105,24.0,,,,,,,,,,,,,,,,,,,,,,,,,,,,,,,,,,,,,,,,,,,
2025-01-28,16:25:00,,,35.295906,-117.878098,,29.92,20250,,,446,,,,,,,107,24.0,,,,,,,,,,,,,,,,,,,,,,,,,,,,,,,,,,,,,,,,,,,
2025-01-28,16:25:02,,,35.294724,-117.873749,,29.92,20375,,,447,,,,,,,107,24.0,,,,,,,,,,,,,,,,,,,,,,,,,,,,,,,,,,,,,,,,,,,
2025-01-28,16:25:04,,,35.293396,-117.868942,,29.92,20525,,,448,,,,,,,108,24.0,,,,,,,,,,,,,,,,,,,,,,,,,,,,,,,,,,,,,,,,,,,
2025-01-28,16:25:06,,,35.291809,-117.863434,,29.92,20675,,,449,,,,,,,110,24.0,,,,,,,,,,,,,,,,,,,,,,,,,,,,,,,,,,,,,,,,,,,
2025-01-28,16:25:09,,,35.290009,-117.857498,,29.92,20875,,,450,,,,,,,110,24.0,,,,,,,,,,,,,,,,,,,,,,,,,,,,,,,,,,,,,,,,,,,
2025-01-28,16:25:11,,,35.288589,-117.852859,,29.92,21025,,,451,,,,,,,110,24.0,,,,,,,,,,,,,,,,,,,,,,,,,,,,,,,,,,,,,,,,,,,
2025-01-28,16:25:13,,,35.286831,-117.84742,,29.92,21175,,,451,,,,,,,110,24.0,,,,,,,,,,,,,,,,,,,,,,,,,,,,,,,,,,,,,,,,,,,
2025-01-28,16:25:15,,,35.285385,-117.842743,,29.92,21325,,,452,,,,,,,110,24.0,,,,,,,,,,,,,,,,,,,,,,,,,,,,,,,,,,,,,,,,,,,
2025-01-28,16:25:17,,,35.283875,-117.838097,,29.92,21425,,,452,,,,,,,110,24.0,,,,,,,,,,,,,,,,,,,,,,,,,,,,,,,,,,,,,,,,,,,
2025-01-28,16:25:19,,,35.282501,-117.833801,,29.92,21575,,,453,,,,,,,112,24.0,,,,,,,,,,,,,,,,,,,,,,,,,,,,,,,,,,,,,,,,,,,
2025-01-28,16:25:21,,,35.280533,-117.82785,,29.92,21725,,,454,,,,,,,112,24.0,,,,,,,,,,,,,,,,,,,,,,,,,,,,,,,,,,,,,,,,,,,
2025-01-28,16:25:23,,,35.279251,-117.823853,,29.92,21825,,,454,,,,,,,112,24.0,,,,,,,,,,,,,,,,,,,,,,,,,,,,,,,,,,,,,,,,,,,
2025-01-28,16:25:55,,,35.251556,-117.745857,,29.92,23200,,,474,,,,,,,115,24.0,,,,,,,,,,,,,,,,,,,,,,,,,,,,,,,,,,,,,,,,,,,
2025-01-28,16:26:28,,,35.220428,-117.669403,,29.92,25125,,,472,,,,,,,116,24.0,,,,,,,,,,,,,,,,,,,,,,,,,,,,,,,,,,,,,,,,,,,
2025-01-28,16:27:00,,,35.186089,-117.590446,,29.92,25900,,,490,,,,,,,119,24.0,,,,,,,,,,,,,,,,,,,,,,,,,,,,,,,,,,,,,,,,,,,
2025-01-28,16:27:31,,,35.151596,-117.515549,,29.92,26950,,,492,,,,,,,118,24.0,,,,,,,,,,,,,,,,,,,,,,,,,,,,,,,,,,,,,,,,,,,
2025-01-28,16:27:52,,,35.132229,-117.4617,,29.92,27675,,,490,,,,,,,109,24.0,,,,,,,,,,,,,,,,,,,,,,,,,,,,,,,,,,,,,,,,,,,
2025-01-28,16:27:55,,,35.130833,-117.456551,,29.92,27700,,,492,,,,,,,108,24.0,,,,,,,,,,,,,,,,,,,,,,,,,,,,,,,,,,,,,,,,,,,
2025-01-28,16:27:57,,,35.128971,-117.449051,,29.92,27725,,,492,,,,,,,107,24.0,,,,,,,,,,,,,,,,,,,,,,,,,,,,,,,,,,,,,,,,,,,
2025-01-28,16:27:59,,,35.127945,-117.444702,,29.92,27725,,,493,,,,,,,105,24.0,,,,,,,,,,,,,,,,,,,,,,,,,,,,,,,,,,,,,,,,,,,
2025-01-28,16:28:01,,,35.126495,-117.437851,,29.92,27725,,,493,,,,,,,104,24.0,,,,,,,,,,,,,,,,,,,,,,,,,,,,,,,,,,,,,,,,,,,
2025-01-28,16:28:03,,,35.125443,-117.432526,,29.92,27750,,,494,,,,,,,102,24.0,,,,,,,,,,,,,,,,,,,,,,,,,,,,,,,,,,,,,,,,,,,
2025-01-28,16:28:06,,,35.124268,-117.426109,,29.92,27750,,,495,,,,,,,101,24.0,,,,,,,,,,,,,,,,,,,,,,,,,,,,,,,,,,,,,,,,,,,
2025-01-28,16:28:08,,,35.123432,-117.420959,,29.92,27750,,,496,,,,,,,101,24.0,,,,,,,,,,,,,,,,,,,,,,,,,,,,,,,,,,,,,,,,,,,
2025-01-28,16:28:10,,,35.122421,-117.413857,,29.92,27775,,,496,,,,,,,99,24.0,,,,,,,,,,,,,,,,,,,,,,,,,,,,,,,,,,,,,,,,,,,
2025-01-28,16:28:12,,,35.121689,-117.408089,,29.92,27775,,,496,,,,,,,97,24.0,,,,,,,,,,,,,,,,,,,,,,,,,,,,,,,,,,,,,,,,,,,
2025-01-28,16:28:14,,,35.121101,-117.402077,,29.92,27775,,,497,,,,,,,95,24.0,,,,,,,,,,,,,,,,,,,,,,,,,,,,,,,,,,,,,,,,,,,
2025-01-28,16:28:17,,,35.120636,-117.396469,,29.92,27775,,,497,,,,,,,94,24.0,,,,,,,,,,,,,,,,,,,,,,,,,,,,,,,,,,,,,,,,,,,
2025-01-28,16:28:19,,,35.120312,-117.390808,,29.92,27800,,,497,,,,,,,94,24.0,,,,,,,,,,,,,,,,,,,,,,,,,,,,,,,,,,,,,,,,,,,
2025-01-28,16:28:21,,,35.120079,-117.384224,,29.92,27850,,,497,,,,,,,91,24.0,,,,,,,,,,,,,,,,,,,,,,,,,,,,,,,,,,,,,,,,,,,
2025-01-28,16:28:23,,,35.119892,-117.378731,,29.92,27900,,,496,,,,,,,91,24.0,,,,,,,,,,,,,,,,,,,,,,,,,,,,,,,,,,,,,,,,,,,
2025-01-28,16:28:25,,,35.119846,-117.370667,,29.92,27975,,,496,,,,,,,90,24.0,,,,,,,,,,,,,,,,,,,,,,,,,,,,,,,,,,,,,,,,,,,
2025-01-28,16:28:28,,,35.119938,-117.364822,,29.92,28025,,,495,,,,,,,88,24.0,,,,,,,,,,,,,,,,,,,,,,,,,,,,,,,,,,,,,,,,,,,
2025-01-28,16:28:30,,,35.120087,-117.360329,,29.92,28075,,,494,,,,,,,86,24.0,,,,,,,,,,,,,,,,,,,,,,,,,,,,,,,,,,,,,,,,,,,
2025-01-28,16:28:32,,,35.120453,-117.352638,,29.92,28150,,,494,,,,,,,86,24.0,,,,,,,,,,,,,,,,,,,,,,,,,,,,,,,,,,,,,,,,,,,
2025-01-28,16:28:34,,,35.120773,-117.347771,,29.92,28200,,,492,,,,,,,84,24.0,,,,,,,,,,,,,,,,,,,,,,,,,,,,,,,,,,,,,,,,,,,
2025-01-28,16:28:36,,,35.121197,-117.341827,,29.92,28250,,,492,,,,,,,84,24.0,,,,,,,,,,,,,,,,,,,,,,,,,,,,,,,,,,,,,,,,,,,
2025-01-28,16:28:38,,,35.121689,-117.334717,,29.92,28350,,,493,,,,,,,84,24.0,,,,,,,,,,,,,,,,,,,,,,,,,,,,,,,,,,,,,,,,,,,
2025-01-28,16:28:40,,,35.122055,-117.329109,,29.92,28400,,,493,,,,,,,84,24.0,,,,,,,,,,,,,,,,,,,,,,,,,,,,,,,,,,,,,,,,,,,
2025-01-28,16:28:43,,,35.122452,-117.323112,,29.92,28450,,,493,,,,,,,84,24.0,,,,,,,,,,,,,,,,,,,,,,,,,,,,,,,,,,,,,,,,,,,
2025-01-28,16:28:45,,,35.122871,-117.317566,,29.92,28500,,,493,,,,,,,84,24.0,,,,,,,,,,,,,,,,,,,,,,,,,,,,,,,,,,,,,,,,,,,
2025-01-28,16:28:47,,,35.123291,-117.311005,,29.92,28575,,,492,,,,,,,84,24.0,,,,,,,,,,,,,,,,,,,,,,,,,,,,,,,,,,,,,,,,,,,
2025-01-28,16:29:19,,,35.129063,-117.221313,,29.92,29100,,,501,,,,,,,85,24.0,,,,,,,,,,,,,,,,,,,,,,,,,,,,,,,,,,,,,,,,,,,
2025-01-28,16:29:50,,,35.133682,-117.13343,,29.92,29475,,,507,,,,,,,86,24.0,,,,,,,,,,,,,,,,,,,,,,,,,,,,,,,,,,,,,,,,,,,
2025-01-28,16:30:21,,,35.137161,-117.04425,,29.92,30900,,,519,,,,,,,87,24.0,,,,,,,,,,,,,,,,,,,,,,,,,,,,,,,,,,,,,,,,,,,
2025-01-28,16:30:38,,,35.139404,-116.992119,,29.92,31900,,,540,,,,,,,86,24.0,,,,,,,,,,,,,,,,,,,,,,,,,,,,,,,,,,,,,,,,,,,
2025-01-28,16:32:39,,,35.211555,-117.086609,,29.92,33625,,,605,,,,,,,242,24.0,,,,,,,,,,,,,,,,,,,,,,,,,,,,,,,,,,,,,,,,,,,
2025-01-28,16:33:10,,,35.170395,-117.180397,,29.92,35075,,,636,,,,,,,241,24.0,,,,,,,,,,,,,,,,,,,,,,,,,,,,,,,,,,,,,,,,,,,
2025-01-28,16:33:41,,,35.128922,-117.279839,,29.92,35125,,,641,,,,,,,246,24.0,,,,,,,,,,,,,,,,,,,,,,,,,,,,,,,,,,,,,,,,,,,
2025-01-28,16:34:14,,,35.090332,-117.388527,,29.92,35050,,,629,,,,,,,247,24.0,,,,,,,,,,,,,,,,,,,,,,,,,,,,,,,,,,,,,,,,,,,
2025-01-28,16:34:44,,,35.056412,-117.488632,,29.92,35075,,,639,,,,,,,247,24.0,,,,,,,,,,,,,,,,,,,,,,,,,,,,,,,,,,,,,,,,,,,
2025-01-28,16:35:17,,,35.019943,-117.598969,,29.92,35100,,,636,,,,,,,247,24.0,,,,,,,,,,,,,,,,,,,,,,,,,,,,,,,,,,,,,,,,,,,
2025-01-28,16:35:49,,,34.988617,-117.702713,,29.92,34175,,,577,,,,,,,251,24.0,,,,,,,,,,,,,,,,,,,,,,,,,,,,,,,,,,,,,,,,,,,
2025-01-28,16:35:58,,,34.982758,-117.729828,,29.92,34300,,,562,,,,,,,262,24.0,,,,,,,,,,,,,,,,,,,,,,,,,,,,,,,,,,,,,,,,,,,
2025-01-28,16:36:00,,,34.982143,-117.736588,,29.92,34275,,,558,,,,,,,265,24.0,,,,,,,,,,,,,,,,,,,,,,,,,,,,,,,,,,,,,,,,,,,
2025-01-28,16:36:02,,,34.981934,-117.74334,,29.92,34275,,,554,,,,,,,268,24.0,,,,,,,,,,,,,,,,,,,,,,,,,,,,,,,,,,,,,,,,,,,
2025-01-28,16:36:04,,,34.982162,-117.750847,,29.92,34275,,,549,,,,,,,273,24.0,,,,,,,,,,,,,,,,,,,,,,,,,,,,,,,,,,,,,,,,,,,
2025-01-28,16:36:07,,,34.982796,-117.757416,,29.92,34275,,,545,,,,,,,278,24.0,,,,,,,,,,,,,,,,,,,,,,,,,,,,,,,,,,,,,,,,,,,
2025-01-28,16:36:09,,,34.983822,-117.763481,,29.92,34300,,,543,,,,,,,282,24.0,,,,,,,,,,,,,,,,,,,,,,,,,,,,,,,,,,,,,,,,,,,
2025-01-28,16:36:11,,,34.985275,-117.769852,,29.92,34300,,,541,,,,,,,287,24.0,,,,,,,,,,,,,,,,,,,,,,,,,,,,,,,,,,,,,,,,,,,
2025-01-28,16:36:13,,,34.987335,-117.776573,,29.92,34325,,,540,,,,,,,291,24.0,,,,,,,,,,,,,,,,,,,,,,,,,,,,,,,,,,,,,,,,,,,
2025-01-28,16:36:15,,,34.989872,-117.782822,,29.92,34325,,,541,,,,,,,297,24.0,,,,,,,,,,,,,,,,,,,,,,,,,,,,,,,,,,,,,,,,,,,
2025-01-28,16:36:17,,,34.99234,-117.787918,,29.92,34300,,,542,,,,,,,301,24.0,,,,,,,,,,,,,,,,,,,,,,,,,,,,,,,,,,,,,,,,,,,
2025-01-28,16:36:19,,,34.995483,-117.793282,,29.92,34275,,,543,,,,,,,306,24.0,,,,,,,,,,,,,,,,,,,,,,,,,,,,,,,,,,,,,,,,,,,
2025-01-28,16:36:22,,,34.998734,-117.798042,,29.92,34275,,,545,,,,,,,311,24.0,,,,,,,,,,,,,,,,,,,,,,,,,,,,,,,,,,,,,,,,,,,
2025-01-28,16:36:24,,,35.002953,-117.803131,,29.92,34250,,,545,,,,,,,316,24.0,,,,,,,,,,,,,,,,,,,,,,,,,,,,,,,,,,,,,,,,,,,
2025-01-28,16:36:26,,,35.006443,-117.806793,,29.92,34250,,,546,,,,,,,321,24.0,,,,,,,,,,,,,,,,,,,,,,,,,,,,,,,,,,,,,,,,,,,
2025-01-28,16:36:28,,,35.010361,-117.81015,,29.92,34225,,,548,,,,,,,326,24.0,,,,,,,,,,,,,,,,,,,,,,,,,,,,,,,,,,,,,,,,,,,
2025-01-28,16:36:30,,,35.015011,-117.813606,,29.92,34200,,,80,,,,,,,331,24.0,,,,,,,,,,,,,,,,,,,,,,,,,,,,,,,,,,,,,,,,,,,
2025-01-28,16:36:32,,,35.020412,-117.816811,,29.92,34200,,,550,,,,,,,337,24.0,,,,,,,,,,,,,,,,,,,,,,,,,,,,,,,,,,,,,,,,,,,
2025-01-28,16:36:34,,,35.025253,-117.818985,,29.92,34175,,,553,,,,,,,341,24.0,,,,,,,,,,,,,,,,,,,,,,,,,,,,,,,,,,,,,,,,,,,
2025-01-28,16:36:37,,,35.031258,-117.821045,,29.92,34150,,,556,,,,,,,347,24.0,,,,,,,,,,,,,,,,,,,,,,,,,,,,,,,,,,,,,,,,,,,
2025-01-28,16:36:39,,,35.036331,-117.822189,,29.92,34100,,,558,,,,,,,351,24.0,,,,,,,,,,,,,,,,,,,,,,,,,,,,,,,,,,,,,,,,,,,
2025-01-28,16:36:41,,,35.041733,-117.822937,,29.92,34075,,,559,,,,,,,354,24.0,,,,,,,,,,,,,,,,,,,,,,,,,,,,,,,,,,,,,,,,,,,
2025-01-28,16:36:43,,,35.048492,-117.823158,,29.92,34050,,,559,,,,,,,358,24.0,,,,,,,,,,,,,,,,,,,,,,,,,,,,,,,,,,,,,,,,,,,
2025-01-28,16:36:45,,,35.052338,-117.822929,,29.92,34050,,,558,,,,,,,2,24.0,,,,,,,,,,,,,,,,,,,,,,,,,,,,,,,,,,,,,,,,,,,
2025-01-28,16:36:47,,,35.057556,-117.822258,,29.92,34025,,,560,,,,,,,7,24.0,,,,,,,,,,,,,,,,,,,,,,,,,,,,,,,,,,,,,,,,,,,
2025-01-28,16:36:49,,,35.06369,-117.820862,,29.92,34000,,,560,,,,,,,11,24.0,,,,,,,,,,,,,,,,,,,,,,,,,,,,,,,,,,,,,,,,,,,
2025-01-28,16:36:51,,,35.068588,-117.819229,,29.92,33975,,,560,,,,,,,17,24.0,,,,,,,,,,,,,,,,,,,,,,,,,,,,,,,,,,,,,,,,,,,
2025-01-28,16:36:54,,,35.075157,-117.816299,,29.92,33925,,,558,,,,,,,21,24.0,,,,,,,,,,,,,,,,,,,,,,,,,,,,,,,,,,,,,,,,,,,
2025-01-28,16:36:56,,,35.079578,-117.813721,,29.92,33925,,,557,,,,,,,26,24.0,,,,,,,,,,,,,,,,,,,,,,,,,,,,,,,,,,,,,,,,,,,
2025-01-28,16:36:58,,,35.084839,-117.810043,,29.92,33925,,,556,,,,,,,32,24.0,,,,,,,,,,,,,,,,,,,,,,,,,,,,,,,,,,,,,,,,,,,
2025-01-28,16:37:00,,,35.089005,-117.806564,,29.92,33950,,,556,,,,,,,36,24.0,,,,,,,,,,,,,,,,,,,,,,,,,,,,,,,,,,,,,,,,,,,
2025-01-28,16:37:02,,,35.093033,-117.802582,,29.92,33975,,,555,,,,,,,40,24.0,,,,,,,,,,,,,,,,,,,,,,,,,,,,,,,,,,,,,,,,,,,
2025-01-28,16:37:04,,,35.097473,-117.797318,,29.92,34000,,,554,,,,,,,45,24.0,,,,,,,,,,,,,,,,,,,,,,,,,,,,,,,,,,,,,,,,,,,
2025-01-28,16:37:07,,,35.100769,-117.792717,,29.92,34000,,,555,,,,,,,49,24.0,,,,,,,,,,,,,,,,,,,,,,,,,,,,,,,,,,,,,,,,,,,
2025-01-28,16:37:09,,,35.104156,-117.787109,,29.92,34025,,,556,,,,,,,55,24.0,,,,,,,,,,,,,,,,,,,,,,,,,,,,,,,,,,,,,,,,,,,
2025-01-28,16:37:11,,,35.107407,-117.780388,,29.92,34025,,,555,,,,,,,60,24.0,,,,,,,,,,,,,,,,,,,,,,,,,,,,,,,,,,,,,,,,,,,
2025-01-28,16:37:13,,,35.109837,-117.774063,,29.92,34025,,,557,,,,,,,65,24.0,,,,,,,,,,,,,,,,,,,,,,,,,,,,,,,,,,,,,,,,,,,
2025-01-28,16:37:16,,,35.111652,-117.768341,,29.92,34000,,,558,,,,,,,72,24.0,,,,,,,,,,,,,,,,,,,,,,,,,,,,,,,,,,,,,,,,,,,
2025-01-28,16:37:18,,,35.11322,-117.761612,,29.92,34000,,,559,,,,,,,76,24.0,,,,,,,,,,,,,,,,,,,,,,,,,,,,,,,,,,,,,,,,,,,
2025-01-28,16:37:20,,,35.114166,-117.755753,,29.92,34025,,,559,,,,,,,80,24.0,,,,,,,,,,,,,,,,,,,,,,,,,,,,,,,,,,,,,,,,,,,
2025-01-28,16:37:22,,,35.11496,-117.747543,,29.92,34025,,,560,,,,,,,84,24.0,,,,,,,,,,,,,,,,,,,,,,,,,,,,,,,,,,,,,,,,,,,
2025-01-28,16:37:24,,,35.115192,-117.742249,,29.92,34025,,,562,,,,,,,88,24.0,,,,,,,,,,,,,,,,,,,,,,,,,,,,,,,,,,,,,,,,,,,
2025-01-28,16:37:26,,,35.115143,-117.734985,,29.92,34050,,,563,,,,,,,91,24.0,,,,,,,,,,,,,,,,,,,,,,,,,,,,,,,,,,,,,,,,,,,
2025-01-28,16:37:29,,,35.11496,-117.726631,,29.92,34075,,,565,,,,,,,92,24.0,,,,,,,,,,,,,,,,,,,,,,,,,,,,,,,,,,,,,,,,,,,
2025-01-28,16:37:31,,,35.114773,-117.720169,,29.92,34100,,,567,,,,,,,92,24.0,,,,,,,,,,,,,,,,,,,,,,,,,,,,,,,,,,,,,,,,,,,
2025-01-28,16:37:33,,,35.114586,-117.714386,,29.92,34125,,,572,,,,,,,92,24.0,,,,,,,,,,,,,,,,,,,,,,,,,,,,,,,,,,,,,,,,,,,
2025-01-28,16:37:35,,,35.114353,-117.707405,,29.92,34100,,,579,,,,,,,92,24.0,,,,,,,,,,,,,,,,,,,,,,,,,,,,,,,,,,,,,,,,,,,
2025-01-28,16:37:37,,,35.114182,-117.700958,,29.92,34075,,,587,,,,,,,92,24.0,,,,,,,,,,,,,,,,,,,,,,,,,,,,,,,,,,,,,,,,,,,
2025-01-28,16:37:39,,,35.113842,-117.691612,,29.92,33975,,,593,,,,,,,92,24.0,,,,,,,,,,,,,,,,,,,,,,,,,,,,,,,,,,,,,,,,,,,
2025-01-28,16:37:41,,,35.113609,-117.68486,,29.92,33900,,,596,,,,,,,92,24.0,,,,,,,,,,,,,,,,,,,,,,,,,,,,,,,,,,,,,,,,,,,
2025-01-28,16:37:44,,,35.113358,-117.677811,,29.92,33825,,,600,,,,,,,92,24.0,,,,,,,,,,,,,,,,,,,,,,,,,,,,,,,,,,,,,,,,,,,
2025-01-28,16:37:47,,,35.112911,-117.665977,,29.92,33675,,,603,,,,,,,92,24.0,,,,,,,,,,,,,,,,,,,,,,,,,,,,,,,,,,,,,,,,,,,
2025-01-28,16:37:49,,,35.112724,-117.660431,,29.92,33575,,,606,,,,,,,92,24.0,,,,,,,,,,,,,,,,,,,,,,,,,,,,,,,,,,,,,,,,,,,
2025-01-28,16:38:22,,,35.107368,-117.55011,,29.92,34150,,,563,,,,,,,95,24.0,,,,,,,,,,,,,,,,,,,,,,,,,,,,,,,,,,,,,,,,,,,
2025-01-28,16:38:52,,,35.098293,-117.458496,,29.92,33825,,,537,,,,,,,98,24.0,,,,,,,,,,,,,,,,,,,,,,,,,,,,,,,,,,,,,,,,,,,
2025-01-28,16:39:00,,,35.093731,-117.43206,,29.92,33650,,,539,,,,,,,106,24.0,,,,,,,,,,,,,,,,,,,,,,,,,,,,,,,,,,,,,,,,,,,
2025-01-28,16:39:03,,,35.092346,-117.426811,,29.92,33625,,,541,,,,,,,108,24.0,,,,,,,,,,,,,,,,,,,,,,,,,,,,,,,,,,,,,,,,,,,
2025-01-28,16:39:05,,,35.090519,-117.420845,,29.92,33575,,,540,,,,,,,111,24.0,,,,,,,,,,,,,,,,,,,,,,,,,,,,,,,,,,,,,,,,,,,
2025-01-28,16:39:07,,,35.088226,-117.414253,,29.92,33525,,,542,,,,,,,114,24.0,,,,,,,,,,,,,,,,,,,,,,,,,,,,,,,,,,,,,,,,,,,
2025-01-28,16:39:09,,,35.085434,-117.407639,,29.92,33425,,,544,,,,,,,119,24.0,,,,,,,,,,,,,,,,,,,,,,,,,,,,,,,,,,,,,,,,,,,
2025-01-28,16:39:12,,,35.082962,-117.402428,,29.92,33350,,,544,,,,,,,122,24.0,,,,,,,,,,,,,,,,,,,,,,,,,,,,,,,,,,,,,,,,,,,
2025-01-28,16:39:14,,,35.079575,-117.396255,,29.92,33275,,,545,,,,,,,125,24.0,,,,,,,,,,,,,,,,,,,,,,,,,,,,,,,,,,,,,,,,,,,
2025-01-28,16:39:16,,,35.076691,-117.39138,,29.92,33200,,,547,,,,,,,126,24.0,,,,,,,,,,,,,,,,,,,,,,,,,,,,,,,,,,,,,,,,,,,
2025-01-28,16:39:18,,,35.073528,-117.386169,,29.92,33125,,,548,,,,,,,126,24.0,,,,,,,,,,,,,,,,,,,,,,,,,,,,,,,,,,,,,,,,,,,
2025-01-28,16:39:20,,,35.070694,-117.381516,,29.92,33100,,,547,,,,,,,126,24.0,,,,,,,,,,,,,,,,,,,,,,,,,,,,,,,,,,,,,,,,,,,
2025-01-28,16:39:22,,,35.06673,-117.374786,,29.92,33075,,,547,,,,,,,125,24.0,,,,,,,,,,,,,,,,,,,,,,,,,,,,,,,,,,,,,,,,,,,
2025-01-28,16:39:24,,,35.063889,-117.369804,,29.92,33075,,,546,,,,,,,124,24.0,,,,,,,,,,,,,,,,,,,,,,,,,,,,,,,,,,,,,,,,,,,
2025-01-28,16:39:26,,,35.060898,-117.364029,,29.92,33100,,,544,,,,,,,122,24.0,,,,,,,,,,,,,,,,,,,,,,,,,,,,,,,,,,,,,,,,,,,
2025-01-28,16:39:28,,,35.058537,-117.359276,,29.92,33100,,,545,,,,,,,121,24.0,,,,,,,,,,,,,,,,,,,,,,,,,,,,,,,,,,,,,,,,,,,
2025-01-28,16:39:31,,,35.056091,-117.353828,,29.92,33125,,,542,,,,,,,117,24.0,,,,,,,,,,,,,,,,,,,,,,,,,,,,,,,,,,,,,,,,,,,
2025-01-28,16:39:39,,,35.047348,-117.328773,,29.92,33175,,,538,,,,,,,108,24.0,,,,,,,,,,,,,,,,,,,,,,,,,,,,,,,,,,,,,,,,,,,
2025-01-28,16:39:41,,,35.045734,-117.322311,,29.92,33200,,,536,,,,,,,106,24.0,,,,,,,,,,,,,,,,,,,,,,,,,,,,,,,,,,,,,,,,,,,
2025-01-28,16:39:43,,,35.044758,-117.318024,,29.92,33225,,,535,,,,,,,104,24.0,,,,,,,,,,,,,,,,,,,,,,,,,,,,,,,,,,,,,,,,,,,
2025-01-28,16:39:45,,,35.043411,-117.31134,,29.92,33250,,,532,,,,,,,102,24.0,,,,,,,,,,,,,,,,,,,,,,,,,,,,,,,,,,,,,,,,,,,
2025-01-28,16:39:48,,,35.042313,-117.30439,,29.92,33300,,,532,,,,,,,99,24.0,,,,,,,,,,,,,,,,,,,,,,,,,,,,,,,,,,,,,,,,,,,
2025-01-28,16:39:50,,,35.041534,-117.298447,,29.92,33325,,,531,,,,,,,98,24.0,,,,,,,,,,,,,,,,,,,,,,,,,,,,,,,,,,,,,,,,,,,
2025-01-28,16:39:52,,,35.040802,-117.291611,,29.92,33350,,,529,,,,,,,95,24.0,,,,,,,,,,,,,,,,,,,,,,,,,,,,,,,,,,,,,,,,,,,
2025-01-28,16:39:54,,,35.040344,-117.285217,,29.92,33375,,,528,,,,,,,94,24.0,,,,,,,,,,,,,,,,,,,,,,,,,,,,,,,,,,,,,,,,,,,
2025-01-28,16:39:56,,,35.040104,-117.279854,,29.92,33400,,,527,,,,,,,91,24.0,,,,,,,,,,,,,,,,,,,,,,,,,,,,,,,,,,,,,,,,,,,
2025-01-28,16:39:58,,,35.040009,-117.272873,,29.92,33450,,,526,,,,,,,90,24.0,,,,,,,,,,,,,,,,,,,,,,,,,,,,,,,,,,,,,,,,,,,
2025-01-28,16:40:00,,,35.04007,-117.266441,,29.92,33475,,,525,,,,,,,88,24.0,,,,,,,,,,,,,,,,,,,,,,,,,,,,,,,,,,,,,,,,,,,
2025-01-28,16:40:03,,,35.040382,-117.260117,,29.92,33500,,,524,,,,,,,85,24.0,,,,,,,,,,,,,,,,,,,,,,,,,,,,,,,,,,,,,,,,,,,
2025-01-28,16:40:05,,,35.040802,-117.254219,,29.92,33525,,,522,,,,,,,83,24.0,,,,,,,,,,,,,,,,,,,,,,,,,,,,,,,,,,,,,,,,,,,
2025-01-28,16:40:07,,,35.0415,-117.246895,,29.92,33525,,,521,,,,,,,82,24.0,,,,,,,,,,,,,,,,,,,,,,,,,,,,,,,,,,,,,,,,,,,
2025-01-28,16:40:09,,,35.04229,-117.241058,,29.92,33550,,,521,,,,,,,80,24.0,,,,,,,,,,,,,,,,,,,,,,,,,,,,,,,,,,,,,,,,,,,
2025-01-28,16:40:11,,,35.043266,-117.234253,,29.92,33575,,,519,,,,,,,79,24.0,,,,,,,,,,,,,,,,,,,,,,,,,,,,,,,,,,,,,,,,,,,
2025-01-28,16:40:14,,,35.044292,-117.22847,,29.92,33600,,,520,,,,,,,77,24.0,,,,,,,,,,,,,,,,,,,,,,,,,,,,,,,,,,,,,,,,,,,
2025-01-28,16:40:16,,,35.045502,-117.222122,,29.92,33625,,,520,,,,,,,77,24.0,,,,,,,,,,,,,,,,,,,,,,,,,,,,,,,,,,,,,,,,,,,
2025-01-28,16:40:18,,,35.046806,-117.216049,,29.92,33625,,,519,,,,,,,75,24.0,,,,,,,,,,,,,,,,,,,,,,,,,,,,,,,,,,,,,,,,,,,
2025-01-28,16:40:20,,,35.048309,-117.20977,,29.92,33625,,,519,,,,,,,74,24.0,,,,,,,,,,,,,,,,,,,,,,,,,,,,,,,,,,,,,,,,,,,
2025-01-28,16:40:22,,,35.049831,-117.203751,,29.92,33625,,,520,,,,,,,71,24.0,,,,,,,,,,,,,,,,,,,,,,,,,,,,,,,,,,,,,,,,,,,
2025-01-28,16:40:24,,,35.051468,-117.197777,,29.92,33625,,,520,,,,,,,71,24.0,,,,,,,,,,,,,,,,,,,,,,,,,,,,,,,,,,,,,,,,,,,
2025-01-28,16:40:27,,,35.052704,-117.193291,,29.92,33625,,,521,,,,,,,71,24.0,,,,,,,,,,,,,,,,,,,,,,,,,,,,,,,,,,,,,,,,,,,
2025-01-28,16:40:29,,,35.054947,-117.185448,,29.92,33600,,,521,,,,,,,71,24.0,,,,,,,,,,,,,,,,,,,,,,,,,,,,,,,,,,,,,,,,,,,
2025-01-28,16:40:31,,,35.056183,-117.181129,,29.92,33600,,,522,,,,,,,71,24.0,,,,,,,,,,,,,,,,,,,,,,,,,,,,,,,,,,,,,,,,,,,
2025-01-28,16:40:33,,,35.05793,-117.175026,,29.92,33575,,,523,,,,,,,71,24.0,,,,,,,,,,,,,,,,,,,,,,,,,,,,,,,,,,,,,,,,,,,
2025-01-28,16:40:35,,,35.059799,-117.168633,,29.92,33550,,,523,,,,,,,71,24.0,,,,,,,,,,,,,,,,,,,,,,,,,,,,,,,,,,,,,,,,,,,
2025-01-28,16:40:37,,,35.061749,-117.161865,,29.92,33550,,,523,,,,,,,71,24.0,,,,,,,,,,,,,,,,,,,,,,,,,,,,,,,,,,,,,,,,,,,
2025-01-28,16:41:10,,,35.08926,-117.071854,,29.92,33525,,,529,,,,,,,68,24.0,,,,,,,,,,,,,,,,,,,,,,,,,,,,,,,,,,,,,,,,,,,
2025-01-28,16:41:42,,,35.121151,-116.983963,,29.92,33475,,,531,,,,,,,60,24.0,,,,,,,,,,,,,,,,,,,,,,,,,,,,,,,,,,,,,,,,,,,
2025-01-28,16:41:46,,,35.126312,-116.973175,,29.92,33500,,,531,,,,,,,58,24.0,,,,,,,,,,,,,,,,,,,,,,,,,,,,,,,,,,,,,,,,,,,
2025-01-28,16:41:48,,,35.128967,-116.968018,,29.92,33500,,,535,,,,,,,57,24.0,,,,,,,,,,,,,,,,,,,,,,,,,,,,,,,,,,,,,,,,,,,
2025-01-28,16:41:51,,,35.132858,-116.961121,,29.92,33525,,,539,,,,,,,54,24.0,,,,,,,,,,,,,,,,,,,,,,,,,,,,,,,,,,,,,,,,,,,
2025-01-28,16:41:53,,,35.135628,-116.956787,,29.92,33550,,,540,,,,,,,51,24.0,,,,,,,,,,,,,,,,,,,,,,,,,,,,,,,,,,,,,,,,,,,
2025-01-28,16:41:55,,,35.138885,-116.952209,,29.92,33600,,,540,,,,,,,47,24.0,,,,,,,,,,,,,,,,,,,,,,,,,,,,,,,,,,,,,,,,,,,
2025-01-28,16:41:57,,,35.142937,-116.947235,,29.92,33650,,,547,,,,,,,45,24.0,,,,,,,,,,,,,,,,,,,,,,,,,,,,,,,,,,,,,,,,,,,
2025-01-28,16:43:53,,,35.163162,-117.184097,,29.92,35000,,,634,,,,,,,241,24.0,,,,,,,,,,,,,,,,,,,,,,,,,,,,,,,,,,,,,,,,,,,
2025-01-28,16:44:25,,,35.115471,-117.286263,,29.92,35025,,,644,,,,,,,240,24.0,,,,,,,,,,,,,,,,,,,,,,,,,,,,,,,,,,,,,,,,,,,
2025-01-28,16:44:47,,,35.083767,-117.354187,,29.92,35050,,,642,,,,,,,228,24.0,,,,,,,,,,,,,,,,,,,,,,,,,,,,,,,,,,,,,,,,,,,
2025-01-28,16:44:49,,,35.079346,-117.359772,,29.92,35050,,,646,,,,,,,223,24.0,,,,,,,,,,,,,,,,,,,,,,,,,,,,,,,,,,,,,,,,,,,
2025-01-28,16:44:51,,,35.073479,-117.3666,,29.92,35000,,,649,,,,,,,223,24.0,,,,,,,,,,,,,,,,,,,,,,,,,,,,,,,,,,,,,,,,,,,
2025-01-28,16:44:53,,,35.069824,-117.370811,,29.92,35000,,,653,,,,,,,224,24.0,,,,,,,,,,,,,,,,,,,,,,,,,,,,,,,,,,,,,,,,,,,
2025-01-28,16:44:56,,,35.065567,-117.375916,,29.92,34975,,,653,,,,,,,225,24.0,,,,,,,,,,,,,,,,,,,,,,,,,,,,,,,,,,,,,,,,,,,
2025-01-28,16:44:58,,,35.06012,-117.383308,,29.92,34975,,,670,,,,,,,230,24.0,,,,,,,,,,,,,,,,,,,,,,,,,,,,,,,,,,,,,,,,,,,
2025-01-28,16:45:13,,,35.040009,-117.429428,,29.92,35225,,,608,,,,,,,244,24.0,,,,,,,,,,,,,,,,,,,,,,,,,,,,,,,,,,,,,,,,,,,
2025-01-28,16:45:15,,,35.03759,-117.435722,,29.92,35275,,,603,,,,,,,244,24.0,,,,,,,,,,,,,,,,,,,,,,,,,,,,,,,,,,,,,,,,,,,
2025-01-28,16:45:17,,,35.034988,-117.442558,,29.92,34725,,,600,,,,,,,244,24.0,,,,,,,,,,,,,,,,,,,,,,,,,,,,,,,,,,,,,,,,,,,
2025-01-28,16:45:19,,,35.032608,-117.448723,,29.92,33725,,,593,,,,,,,244,24.0,,,,,,,,,,,,,,,,,,,,,,,,,,,,,,,,,,,,,,,,,,,
2025-01-28,16:45:21,,,35.030502,-117.454163,,29.92,33825,,,591,,,,,,,244,24.0,,,,,,,,,,,,,,,,,,,,,,,,,,,,,,,,,,,,,,,,,,,
2025-01-28,16:45:23,,,35.02803,-117.460663,,29.92,33900,,,586,,,,,,,244,24.0,,,,,,,,,,,,,,,,,,,,,,,,,,,,,,,,,,,,,,,,,,,
2025-01-28,16:45:25,,,35.025623,-117.466904,,29.92,33975,,,581,,,,,,,244,24.0,,,,,,,,,,,,,,,,,,,,,,,,,,,,,,,,,,,,,,,,,,,
2025-01-28,16:45:27,,,35.023224,-117.473274,,29.92,34025,,,577,,,,,,,244,24.0,,,,,,,,,,,,,,,,,,,,,,,,,,,,,,,,,,,,,,,,,,,
2025-01-28,16:46:00,,,34.98999,-117.566322,,29.92,32225,,,532,,,,,,,247,24.0,,,,,,,,,,,,,,,,,,,,,,,,,,,,,,,,,,,,,,,,,,,
2025-01-28,16:46:23,,,34.972137,-117.63073,,29.92,28575,,,528,,,,,,,256,24.0,,,,,,,,,,,,,,,,,,,,,,,,,,,,,,,,,,,,,,,,,,,
2025-01-28,16:46:25,,,34.971085,-117.637009,,29.92,28250,,,528,,,,,,,257,24.0,,,,,,,,,,,,,,,,,,,,,,,,,,,,,,,,,,,,,,,,,,,
2025-01-28,16:46:27,,,34.970215,-117.642502,,29.92,27925,,,527,,,,,,,259,24.0,,,,,,,,,,,,,,,,,,,,,,,,,,,,,,,,,,,,,,,,,,,
2025-01-28,16:46:29,,,34.969341,-117.649216,,29.92,27575,,,526,,,,,,,262,24.0,,,,,,,,,,,,,,,,,,,,,,,,,,,,,,,,,,,,,,,,,,,
2025-01-28,16:46:32,,,34.968643,-117.654762,,29.92,27300,,,526,,,,,,,262,24.0,,,,,,,,,,,,,,,,,,,,,,,,,,,,,,,,,,,,,,,,,,,
2025-01-28,16:46:34,,,34.967758,-117.663231,,29.92,26875,,,525,,,,,,,262,24.0,,,,,,,,,,,,,,,,,,,,,,,,,,,,,,,,,,,,,,,,,,,
2025-01-28,16:46:36,,,34.967293,-117.667984,,29.92,26600,,,524,,,,,,,262,24.0,,,,,,,,,,,,,,,,,,,,,,,,,,,,,,,,,,,,,,,,,,,
2025-01-28,16:46:38,,,34.966595,-117.674904,,29.92,26225,,,523,,,,,,,263,24.0,,,,,,,,,,,,,,,,,,,,,,,,,,,,,,,,,,,,,,,,,,,
2025-01-28,16:46:40,,,34.966049,-117.681396,,29.92,25925,,,523,,,,,,,263,24.0,,,,,,,,,,,,,,,,,,,,,,,,,,,,,,,,,,,,,,,,,,,
2025-01-28,16:46:42,,,34.965546,-117.68734,,29.92,25600,,,523,,,,,,,263,24.0,,,,,,,,,,,,,,,,,,,,,,,,,,,,,,,,,,,,,,,,,,,
2025-01-28,16:46:44,,,34.965042,-117.69429,,29.92,25325,,,523,,,,,,,264,24.0,,,,,,,,,,,,,,,,,,,,,,,,,,,,,,,,,,,,,,,,,,,
2025-01-28,16:46:47,,,34.964642,-117.700768,,29.92,25125,,,523,,,,,,,266,24.0,,,,,,,,,,,,,,,,,,,,,,,,,,,,,,,,,,,,,,,,,,,
2025-01-28,16:46:49,,,34.96431,-117.706116,,29.92,24950,,,522,,,,,,,266,24.0,,,,,,,,,,,,,,,,,,,,,,,,,,,,,,,,,,,,,,,,,,,
2025-01-28,16:46:51,,,34.963898,-117.712616,,29.92,24775,,,521,,,,,,,266,24.0,,,,,,,,,,,,,,,,,,,,,,,,,,,,,,,,,,,,,,,,,,,
2025-01-28,16:46:53,,,34.963524,-117.718109,,29.92,24625,,,520,,,,,,,266,24.0,,,,,,,,,,,,,,,,,,,,,,,,,,,,,,,,,,,,,,,,,,,
2025-01-28,16:47:23,,,34.959568,-117.802795,,29.92,22400,,,485,,,,,,,269,24.0,,,,,,,,,,,,,,,,,,,,,,,,,,,,,,,,,,,,,,,,,,,
2025-01-28,16:47:55,,,34.961472,-117.888062,,29.92,19800,,,458,,,,,,,275,24.0,,,,,,,,,,,,,,,,,,,,,,,,,,,,,,,,,,,,,,,,,,,
2025-01-28,16:48:27,,,34.969204,-117.969528,,29.92,18075,,,435,,,,,,,280,24.0,,,,,,,,,,,,,,,,,,,,,,,,,,,,,,,,,,,,,,,,,,,
2025-01-28,16:48:34,,,34.972229,-117.984634,,29.92,17850,,,425,,,,,,,286,24.0,,,,,,,,,,,,,,,,,,,,,,,,,,,,,,,,,,,,,,,,,,,
2025-01-28,16:48:36,,,34.973484,-117.989388,,29.92,17750,,,423,,,,,,,288,24.0,,,,,,,,,,,,,,,,,,,,,,,,,,,,,,,,,,,,,,,,,,,
2025-01-28,16:48:38,,,34.975117,-117.994652,,29.92,17600,,,420,,,,,,,292,24.0,,,,,,,,,,,,,,,,,,,,,,,,,,,,,,,,,,,,,,,,,,,
2025-01-28,16:48:40,,,34.976604,-117.998886,,29.92,17475,,,419,,,,,,,293,24.0,,,,,,,,,,,,,,,,,,,,,,,,,,,,,,,,,,,,,,,,,,,
2025-01-28,16:48:42,,,34.978233,-118.003006,,29.92,17325,,,415,,,,,,,297,24.0,,,,,,,,,,,,,,,,,,,,,,,,,,,,,,,,,,,,,,,,,,,
2025-01-28,16:48:44,,,34.98056,-118.008156,,29.92,17100,,,414,,,,,,,299,24.0,,,,,,,,,,,,,,,,,,,,,,,,,,,,,,,,,,,,,,,,,,,
2025-01-28,16:48:47,,,34.982849,-118.012505,,29.92,16900,,,412,,,,,,,305,24.0,,,,,,,,,,,,,,,,,,,,,,,,,,,,,,,,,,,,,,,,,,,
2025-01-28,16:48:49,,,34.985596,-118.017044,,29.92,16650,,,411,,,,,,,307,24.0,,,,,,,,,,,,,,,,,,,,,,,,,,,,,,,,,,,,,,,,,,,
2025-01-28,16:48:51,,,34.98848,-118.021187,,29.92,16375,,,409,,,,,,,311,24.0,,,,,,,,,,,,,,,,,,,,,,,,,,,,,,,,,,,,,,,,,,,
2025-01-28,16:48:53,,,34.991314,-118.024811,,29.92,16100,,,408,,,,,,,315,24.0,,,,,,,,,,,,,,,,,,,,,,,,,,,,,,,,,,,,,,,,,,,
2025-01-28,16:48:55,,,34.993835,-118.027634,,29.92,15900,,,408,,,,,,,318,24.0,,,,,,,,,,,,,,,,,,,,,,,,,,,,,,,,,,,,,,,,,,,
2025-01-28,16:48:58,,,34.997314,-118.030998,,29.92,15600,,,407,,,,,,,322,24.0,,,,,,,,,,,,,,,,,,,,,,,,,,,,,,,,,,,,,,,,,,,
2025-01-28,16:49:00,,,35.000565,-118.033745,,29.92,15325,,,405,,,,,,,326,24.0,,,,,,,,,,,,,,,,,,,,,,,,,,,,,,,,,,,,,,,,,,,
2025-01-28,16:49:02,,,35.004456,-118.036552,,29.92,15050,,,404,,,,,,,331,24.0,,,,,,,,,,,,,,,,,,,,,,,,,,,,,,,,,,,,,,,,,,,
2025-01-28,16:49:04,,,35.008121,-118.038712,,29.92,14800,,,403,,,,,,,334,24.0,,,,,,,,,,,,,,,,,,,,,,,,,,,,,,,,,,,,,,,,,,,
2025-01-28,16:49:06,,,35.011333,-118.040314,,29.92,14550,,,402,,,,,,,339,24.0,,,,,,,,,,,,,,,,,,,,,,,,,,,,,,,,,,,,,,,,,,,
2025-01-28,16:49:09,,,35.015991,-118.042213,,29.92,14225,,,401,,,,,,,342,24.0,,,,,,,,,,,,,,,,,,,,,,,,,,,,,,,,,,,,,,,,,,,
2025-01-28,16:49:11,,,35.019295,-118.043175,,29.92,14000,,,400,,,,,,,348,24.0,,,,,,,,,,,,,,,,,,,,,,,,,,,,,,,,,,,,,,,,,,,
2025-01-28,16:49:13,,,35.022877,-118.043976,,29.92,13750,,,400,,,,,,,350,24.0,,,,,,,,,,,,,,,,,,,,,,,,,,,,,,,,,,,,,,,,,,,
2025-01-28,16:49:15,,,35.027348,-118.044548,,29.92,13425,,,400,,,,,,,356,24.0,,,,,,,,,,,,,,,,,,,,,,,,,,,,,,,,,,,,,,,,,,,
2025-01-28,16:49:17,,,35.032097,-118.044548,,29.92,13125,,,401,,,,,,,1,24.0,,,,,,,,,,,,,,,,,,,,,,,,,,,,,,,,,,,,,,,,,,,
2025-01-28,16:49:20,,,35.035725,-118.044205,,29.92,12875,,,400,,,,,,,6,24.0,,,,,,,,,,,,,,,,,,,,,,,,,,,,,,,,,,,,,,,,,,,
2025-01-28,16:49:22,,,35.03931,-118.043579,,29.92,12650,,,399,,,,,,,9,24.0,,,,,,,,,,,,,,,,,,,,,,,,,,,,,,,,,,,,,,,,,,,
2025-01-28,16:49:24,,,35.042942,-118.042542,,29.92,12450,,,399,,,,,,,15,24.0,,,,,,,,,,,,,,,,,,,,,,,,,,,,,,,,,,,,,,,,,,,
2025-01-28,16:49:26,,,35.046753,-118.041092,,29.92,12200,,,397,,,,,,,19,24.0,,,,,,,,,,,,,,,,,,,,,,,,,,,,,,,,,,,,,,,,,,,
2025-01-28,16:49:28,,,35.050186,-118.039352,,29.92,12000,,,398,,,,,,,24,24.0,,,,,,,,,,,,,,,,,,,,,,,,,,,,,,,,,,,,,,,,,,,
2025-01-28,16:49:30,,,35.054348,-118.036713,,29.92,11750,,,397,,,,,,,30,24.0,,,,,,,,,,,,,,,,,,,,,,,,,,,,,,,,,,,,,,,,,,,
2025-01-28,16:49:33,,,35.057281,-118.034416,,29.92,11575,,,395,,,,,,,35,24.0,,,,,,,,,,,,,,,,,,,,,,,,,,,,,,,,,,,,,,,,,,,
2025-01-28,16:49:35,,,35.060959,-118.031097,,29.92,11375,,,395,,,,,,,39,24.0,,,,,,,,,,,,,,,,,,,,,,,,,,,,,,,,,,,,,,,,,,,
2025-01-28,16:49:37,,,35.063553,-118.028313,,29.92,11275,,,392,,,,,,,43,24.0,,,,,,,,,,,,,,,,,,,,,,,,,,,,,,,,,,,,,,,,,,,
2025-01-28,16:49:39,,,35.066574,-118.024612,,29.92,11100,,,391,,,,,,,46,24.0,,,,,,,,,,,,,,,,,,,,,,,,,,,,,,,,,,,,,,,,,,,
2025-01-28,16:49:41,,,35.069057,-118.020973,,29.92,10975,,,389,,,,,,,51,24.0,,,,,,,,,,,,,,,,,,,,,,,,,,,,,,,,,,,,,,,,,,,
2025-01-28,16:49:43,,,35.07106,-118.017662,,29.92,10875,,,388,,,,,,,54,24.0,,,,,,,,,,,,,,,,,,,,,,,,,,,,,,,,,,,,,,,,,,,
2025-01-28,16:49:45,,,35.073063,-118.013824,,29.92,10775,,,384,,,,,,,59,24.0,,,,,,,,,,,,,,,,,,,,,,,,,,,,,,,,,,,,,,,,,,,
2025-01-28,16:49:48,,,35.075317,-118.008636,,29.92,10625,,,382,,,,,,,63,24.0,,,,,,,,,,,,,,,,,,,,,,,,,,,,,,,,,,,,,,,,,,,
2025-01-28,16:49:50,,,35.076736,-118.004654,,29.92,10550,,,380,,,,,,,67,24.0,,,,,,,,,,,,,,,,,,,,,,,,,,,,,,,,,,,,,,,,,,,
2025-01-28,16:49:52,,,35.077881,-118.000565,,29.92,10450,,,378,,,,,,,71,24.0,,,,,,,,,,,,,,,,,,,,,,,,,,,,,,,,,,,,,,,,,,,
2025-01-28,16:49:54,,,35.078796,-117.996529,,29.92,10325,,,378,,,,,,,76,24.0,,,,,,,,,,,,,,,,,,,,,,,,,,,,,,,,,,,,,,,,,,,
2025-01-28,16:49:56,,,35.079529,-117.992325,,29.92,10225,,,377,,,,,,,79,24.0,,,,,,,,,,,,,,,,,,,,,,,,,,,,,,,,,,,,,,,,,,,
2025-01-28,16:49:58,,,35.080078,-117.986496,,29.92,10075,,,376,,,,,,,84,24.0,,,,,,,,,,,,,,,,,,,,,,,,,,,,,,,,,,,,,,,,,,,
2025-01-28,16:50:00,,,35.080215,-117.983246,,29.92,9975,,,376,,,,,,,90,24.0,,,,,,,,,,,,,,,,,,,,,,,,,,,,,,,,,,,,,,,,,,,
2025-01-28,16:50:03,,,35.080044,-117.977371,,29.92,9850,,,374,,,,,,,93,24.0,,,,,,,,,,,,,,,,,,,,,,,,,,,,,,,,,,,,,,,,,,,
2025-01-28,16:50:05,,,35.07972,-117.973541,,29.92,9725,,,374,,,,,,,97,24.0,,,,,,,,,,,,,,,,,,,,,,,,,,,,,,,,,,,,,,,,,,,
2025-01-28,16:50:07,,,35.078789,-117.967415,,29.92,9550,,,375,,,,,,,101,24.0,,,,,,,,,,,,,,,,,,,,,,,,,,,,,,,,,,,,,,,,,,,
2025-01-28,16:50:10,,,35.077904,-117.963409,,29.92,9450,,,374,,,,,,,106,24.0,,,,,,,,,,,,,,,,,,,,,,,,,,,,,,,,,,,,,,,,,,,
2025-01-28,16:50:12,,,35.076366,-117.957916,,29.92,9275,,,373,,,,,,,110,24.0,,,,,,,,,,,,,,,,,,,,,,,,,,,,,,,,,,,,,,,,,,,
2025-01-28,16:50:15,,,35.07497,-117.954025,,29.92,9125,,,374,,,,,,,114,24.0,,,,,,,,,,,,,,,,,,,,,,,,,,,,,,,,,,,,,,,,,,,
2025-01-28,16:50:17,,,35.072937,-117.949219,,29.92,8975,,,373,,,,,,,118,24.0,,,,,,,,,,,,,,,,,,,,,,,,,,,,,,,,,,,,,,,,,,,
2025-01-28,16:50:19,,,35.070919,-117.945328,,29.92,8850,,,373,,,,,,,122,24.0,,,,,,,,,,,,,,,,,,,,,,,,,,,,,,,,,,,,,,,,,,,
2025-01-28,16:50:21,,,35.068871,-117.941956,,29.92,8725,,,372,,,,,,,126,24.0,,,,,,,,,,,,,,,,,,,,,,,,,,,,,,,,,,,,,,,,,,,
2025-01-28,16:50:23,,,35.066803,-117.938904,,29.92,8625,,,373,,,,,,,130,24.0,,,,,,,,,,,,,,,,,,,,,,,,,,,,,,,,,,,,,,,,,,,
2025-01-28,16:50:25,,,35.064468,-117.935936,,29.92,8500,,,373,,,,,,,135,24.0,,,,,,,,,,,,,,,,,,,,,,,,,,,,,,,,,,,,,,,,,,,
2025-01-28,16:50:27,,,35.061264,-117.932404,,29.92,8350,,,373,,,,,,,139,24.0,,,,,,,,,,,,,,,,,,,,,,,,,,,,,,,,,,,,,,,,,,,
2025-01-28,16:50:30,,,35.058517,-117.929825,,29.92,8250,,,370,,,,,,,143,24.0,,,,,,,,,,,,,,,,,,,,,,,,,,,,,,,,,,,,,,,,,,,
2025-01-28,16:50:32,,,35.055267,-117.927078,,29.92,8100,,,370,,,,,,,146,24.0,,,,,,,,,,,,,,,,,,,,,,,,,,,,,,,,,,,,,,,,,,,
2025-01-28,16:50:34,,,35.052292,-117.924889,,29.92,8000,,,369,,,,,,,149,24.0,,,,,,,,,,,,,,,,,,,,,,,,,,,,,,,,,,,,,,,,,,,
2025-01-28,16:50:36,,,35.048767,-117.922592,,29.92,7850,,,370,,,,,,,153,24.0,,,,,,,,,,,,,,,,,,,,,,,,,,,,,,,,,,,,,,,,,,,
2025-01-28,16:50:38,,,35.04583,-117.920952,,29.92,7750,,,368,,,,,,,156,24.0,,,,,,,,,,,,,,,,,,,,,,,,,,,,,,,,,,,,,,,,,,,
2025-01-28,16:50:40,,,35.041763,-117.918953,,29.92,7600,,,367,,,,,,,158,24.0,,,,,,,,,,,,,,,,,,,,,,,,,,,,,,,,,,,,,,,,,,,
2025-01-28,16:50:42,,,35.038559,-117.917549,,29.92,7475,,,362,,,,,,,161,24.0,,,,,,,,,,,,,,,,,,,,,,,,,,,,,,,,,,,,,,,,,,,
2025-01-28,16:50:44,,,35.035309,-117.916313,,29.92,7350,,,359,,,,,,,163,24.0,,,,,,,,,,,,,,,,,,,,,,,,,,,,,,,,,,,,,,,,,,,
2025-01-28,16:50:47,,,35.031864,-117.915176,,29.92,7200,,,356,,,,,,,165,24.0,,,,,,,,,,,,,,,,,,,,,,,,,,,,,,,,,,,,,,,,,,,
2025-01-28,16:50:49,,,35.028652,-117.914261,,29.92,7100,,,351,,,,,,,167,24.0,,,,,,,,,,,,,,,,,,,,,,,,,,,,,,,,,,,,,,,,,,,
2025-01-28,16:50:51,,,35.024834,-117.913345,,29.92,6975,,,346,,,,,,,169,24.0,,,,,,,,,,,,,,,,,,,,,,,,,,,,,,,,,,,,,,,,,,,
2025-01-28,16:50:53,,,35.022079,-117.912842,,29.92,6900,,,339,,,,,,,173,24.0,,,,,,,,,,,,,,,,,,,,,,,,,,,,,,,,,,,,,,,,,,,
2025-01-28,16:50:55,,,35.018188,-117.912338,,29.92,6800,,,336,,,,,,,175,24.0,,,,,,,,,,,,,,,,,,,,,,,,,,,,,,,,,,,,,,,,,,,
2025-01-28,16:50:57,,,35.015808,-117.91217,,29.92,6750,,,331,,,,,,,177,24.0,,,,,,,,,,,,,,,,,,,,,,,,,,,,,,,,,,,,,,,,,,,
2025-01-28,16:51:00,,,35.012283,-117.912109,,29.92,6675,,,324,,,,,,,181,24.0,,,,,,,,,,,,,,,,,,,,,,,,,,,,,,,,,,,,,,,,,,,
2025-01-28,16:51:02,,,35.008072,-117.912277,,29.92,6575,,,319,,,,,,,183,24.0,,,,,,,,,,,,,,,,,,,,,,,,,,,,,,,,,,,,,,,,,,,
2025-01-28,16:51:04,,,35.005421,-117.912598,,29.92,6550,,,312,,,,,,,186,24.0,,,,,,,,,,,,,,,,,,,,,,,,,,,,,,,,,,,,,,,,,,,
2025-01-28,16:51:06,,,35.002396,-117.913231,,29.92,6475,,,305,,,,,,,190,24.0,,,,,,,,,,,,,,,,,,,,,,,,,,,,,,,,,,,,,,,,,,,
2025-01-28,16:51:08,,,34.999836,-117.91391,,29.92,6425,,,299,,,,,,,194,24.0,,,,,,,,,,,,,,,,,,,,,,,,,,,,,,,,,,,,,,,,,,,
2025-01-28,16:51:11,,,34.996536,-117.915138,,29.92,6375,,,291,,,,,,,198,24.0,,,,,,,,,,,,,,,,,,,,,,,,,,,,,,,,,,,,,,,,,,,
2025-01-28,16:51:13,,,34.99369,-117.916603,,29.92,6300,,,285,,,,,,,203,24.0,,,,,,,,,,,,,,,,,,,,,,,,,,,,,,,,,,,,,,,,,,,
2025-01-28,16:51:15,,,34.991547,-117.917885,,29.92,6250,,,278,,,,,,,208,24.0,,,,,,,,,,,,,,,,,,,,,,,,,,,,,,,,,,,,,,,,,,,
2025-01-28,16:51:17,,,34.988663,-117.919983,,29.92,6175,,,274,,,,,,,212,24.0,,,,,,,,,,,,,,,,,,,,,,,,,,,,,,,,,,,,,,,,,,,
2025-01-28,16:51:19,,,34.987171,-117.921356,,29.92,6125,,,269,,,,,,,218,24.0,,,,,,,,,,,,,,,,,,,,,,,,,,,,,,,,,,,,,,,,,,,
2025-01-28,16:51:21,,,34.985092,-117.923546,,29.92,6075,,,261,,,,,,,224,24.0,,,,,,,,,,,,,,,,,,,,,,,,,,,,,,,,,,,,,,,,,,,
2025-01-28,16:51:23,,,34.982983,-117.92627,,29.92,6000,,,257,,,,,,,228,24.0,,,,,,,,,,,,,,,,,,,,,,,,,,,,,,,,,,,,,,,,,,,
2025-01-28,16:51:25,,,34.981541,-117.928558,,29.92,5950,,,251,,,,,,,233,24.0,,,,,,,,,,,,,,,,,,,,,,,,,,,,,,,,,,,,,,,,,,,
2025-01-28,16:51:28,,,34.980377,-117.930779,,29.92,5900,,,246,,,,,,,240,24.0,,,,,,,,,,,,,,,,,,,,,,,,,,,,,,,,,,,,,,,,,,,
2025-01-28,16:51:30,,,34.979279,-117.933189,,29.92,5825,,,243,,,,,,,243,24.0,,,,,,,,,,,,,,,,,,,,,,,,,,,,,,,,,,,,,,,,,,,
2025-01-28,16:51:32,,,34.978279,-117.935883,,29.92,5750,,,242,,,,,,,247,24.0,,,,,,,,,,,,,,,,,,,,,,,,,,,,,,,,,,,,,,,,,,,
2025-01-28,16:51:34,,,34.977303,-117.939148,,29.92,5675,,,243,,,,,,,251,24.0,,,,,,,,,,,,,,,,,,,,,,,,,,,,,,,,,,,,,,,,,,,
2025-01-28,16:51:36,,,34.9767,-117.941605,,29.92,5650,,,243,,,,,,,254,24.0,,,,,,,,,,,,,,,,,,,,,,,,,,,,,,,,,,,,,,,,,,,
2025-01-28,16:51:38,,,34.976166,-117.944008,,29.92,5600,,,242,,,,,,,254,24.0,,,,,,,,,,,,,,,,,,,,,,,,,,,,,,,,,,,,,,,,,,,
2025-01-28,16:51:40,,,34.975616,-117.946693,,29.92,5575,,,240,,,,,,,256,24.0,,,,,,,,,,,,,,,,,,,,,,,,,,,,,,,,,,,,,,,,,,,
2025-01-28,16:51:43,,,34.974976,-117.949776,,29.92,5550,,,238,,,,,,,255,24.0,,,,,,,,,,,,,,,,,,,,,,,,,,,,,,,,,,,,,,,,,,,
2025-01-28,16:51:45,,,34.974197,-117.953537,,29.92,5500,,,236,,,,,,,256,24.0,,,,,,,,,,,,,,,,,,,,,,,,,,,,,,,,,,,,,,,,,,,
2025-01-28,16:51:47,,,34.973694,-117.956055,,29.92,5450,,,237,,,,,,,257,24.0,,,,,,,,,,,,,,,,,,,,,,,,,,,,,,,,,,,,,,,,,,,
2025-01-28,16:51:50,,,34.973099,-117.959305,,29.92,5400,,,237,,,,,,,257,24.0,,,,,,,,,,,,,,,,,,,,,,,,,,,,,,,,,,,,,,,,,,,
2025-01-28,16:51:52,,,34.972641,-117.961884,,29.92,5375,,,238,,,,,,,258,24.0,,,,,,,,,,,,,,,,,,,,,,,,,,,,,,,,,,,,,,,,,,,
2025-01-28,16:51:54,,,34.972137,-117.964668,,29.92,5350,,,240,,,,,,,257,24.0,,,,,,,,,,,,,,,,,,,,,,,,,,,,,,,,,,,,,,,,,,,
2025-01-28,16:51:56,,,34.971588,-117.968277,,29.92,5350,,,241,,,,,,,258,24.0,,,,,,,,,,,,,,,,,,,,,,,,,,,,,,,,,,,,,,,,,,,
2025-01-28,16:51:58,,,34.971176,-117.970688,,29.92,5350,,,239,,,,,,,258,24.0,,,,,,,,,,,,,,,,,,,,,,,,,,,,,,,,,,,,,,,,,,,
2025-01-28,16:52:00,,,34.970764,-117.973381,,29.92,5350,,,235,,,,,,,259,24.0,,,,,,,,,,,,,,,,,,,,,,,,,,,,,,,,,,,,,,,,,,,
2025-01-28,16:52:02,,,34.970322,-117.976395,,29.92,5325,,,233,,,,,,,259,24.0,,,,,,,,,,,,,,,,,,,,,,,,,,,,,,,,,,,,,,,,,,,
2025-01-28,16:52:05,,,34.96994,-117.97921,,29.92,5300,,,230,,,,,,,261,24.0,,,,,,,,,,,,,,,,,,,,,,,,,,,,,,,,,,,,,,,,,,,
2025-01-28,16:52:18,,,34.968384,-117.995125,,29.92,5150,,,220,,,,,,,266,24.0,,,,,,,,,,,,,,,,,,,,,,,,,,,,,,,,,,,,,,,,,,,
2025-01-28,16:52:20,,,34.968319,-117.99791,,29.92,5125,,,224,,,,,,,268,24.0,,,,,,,,,,,,,,,,,,,,,,,,,,,,,,,,,,,,,,,,,,,
2025-01-28,16:52:22,,,34.968292,-118.00135,,29.92,5075,,,227,,,,,,,271,24.0,,,,,,,,,,,,,,,,,,,,,,,,,,,,,,,,,,,,,,,,,,,
2025-01-28,16:52:24,,,34.968338,-118.0037,,29.92,5050,,,231,,,,,,,272,24.0,,,,,,,,,,,,,,,,,,,,,,,,,,,,,,,,,,,,,,,,,,,
2025-01-28,16:52:27,,,34.968521,-118.007011,,29.92,5000,,,232,,,,,,,274,24.0,,,,,,,,,,,,,,,,,,,,,,,,,,,,,,,,,,,,,,,,,,,
2025-01-28,16:52:29,,,34.968796,-118.010094,,29.92,4975,,,232,,,,,,,276,24.0,,,,,,,,,,,,,,,,,,,,,,,,,,,,,,,,,,,,,,,,,,,
2025-01-28,16:52:31,,,34.969116,-118.012726,,29.92,4925,,,230,,,,,,,278,24.0,,,,,,,,,,,,,,,,,,,,,,,,,,,,,,,,,,,,,,,,,,,
2025-01-28,16:52:33,,,34.969482,-118.015305,,29.92,4875,,,230,,,,,,,279,24.0,,,,,,,,,,,,,,,,,,,,,,,,,,,,,,,,,,,,,,,,,,,
2025-01-28,16:52:35,,,34.969849,-118.017662,,29.92,4850,,,225,,,,,,,281,24.0,,,,,,,,,,,,,,,,,,,,,,,,,,,,,,,,,,,,,,,,,,,
2025-01-28,16:52:38,,,34.970505,-118.020973,,29.92,4800,,,223,,,,,,,283,24.0,,,,,,,,,,,,,,,,,,,,,,,,,,,,,,,,,,,,,,,,,,,
2025-01-28,16:52:40,,,34.971111,-118.023834,,29.92,4725,,,220,,,,,,,285,24.0,,,,,,,,,,,,,,,,,,,,,,,,,,,,,,,,,,,,,,,,,,,
2025-01-28,16:52:42,,,34.971764,-118.026237,,29.92,4700,,,216,,,,,,,287,24.0,,,,,,,,,,,,,,,,,,,,,,,,,,,,,,,,,,,,,,,,,,,
2025-01-28,16:52:44,,,34.972458,-118.028755,,29.92,4650,,,213,,,,,,,289,24.0,,,,,,,,,,,,,,,,,,,,,,,,,,,,,,,,,,,,,,,,,,,
2025-01-28,16:52:46,,,34.97319,-118.030945,,29.92,4575,,,211,,,,,,,291,24.0,,,,,,,,,,,,,,,,,,,,,,,,,,,,,,,,,,,,,,,,,,,
2025-01-28,16:52:48,,,34.973953,-118.033386,,29.92,4525,,,208,,,,,,,293,24.0,,,,,,,,,,,,,,,,,,,,,,,,,,,,,,,,,,,,,,,,,,,
2025-01-28,16:52:50,,,34.974609,-118.035202,,29.92,4475,,,208,,,,,,,294,24.0,,,,,,,,,,,,,,,,,,,,,,,,,,,,,,,,,,,,,,,,,,,
2025-01-28,16:52:53,,,34.975533,-118.037735,,29.92,4425,,,205,,,,,,,295,24.0,,,,,,,,,,,,,,,,,,,,,,,,,,,,,,,,,,,,,,,,,,,
2025-01-28,16:52:55,,,34.976624,-118.040359,,29.92,4350,,,202,,,,,,,296,24.0,,,,,,,,,,,,,,,,,,,,,,,,,,,,,,,,,,,,,,,,,,,
2025-01-28,16:52:57,,,34.977402,-118.04232,,29.92,4300,,,200,,,,,,,296,24.0,,,,,,,,,,,,,,,,,,,,,,,,,,,,,,,,,,,,,,,,,,,
2025-01-28,16:52:59,,,34.978512,-118.044952,,29.92,4225,,,200,,,,,,,297,24.0,,,,,,,,,,,,,,,,,,,,,,,,,,,,,,,,,,,,,,,,,,,
2025-01-28,16:53:02,,,34.97937,-118.046806,,29.92,4175,,,202,,,,,,,298,24.0,,,,,,,,,,,,,,,,,,,,,,,,,,,,,,,,,,,,,,,,,,,
2025-01-28,16:53:04,,,34.980423,-118.049103,,29.92,4100,,,204,,,,,,,300,24.0,,,,,,,,,,,,,,,,,,,,,,,,,,,,,,,,,,,,,,,,,,,
2025-01-28,16:53:06,,,34.981522,-118.051231,,29.92,4025,,,206,,,,,,,301,24.0,,,,,,,,,,,,,,,,,,,,,,,,,,,,,,,,,,,,,,,,,,,
2025-01-28,16:53:08,,,34.982658,-118.05336,,29.92,3975,,,207,,,,,,,303,24.0,,,,,,,,,,,,,,,,,,,,,,,,,,,,,,,,,,,,,,,,,,,
2025-01-28,16:53:10,,,34.983727,-118.055191,,29.92,3925,,,209,,,,,,,305,24.0,,,,,,,,,,,,,,,,,,,,,,,,,,,,,,,,,,,,,,,,,,,
2025-01-28,16:53:12,,,34.985172,-118.057541,,29.92,3875,,,211,,,,,,,308,24.0,,,,,,,,,,,,,,,,,,,,,,,,,,,,,,,,,,,,,,,,,,,
2025-01-28,16:53:15,,,34.986557,-118.059471,,29.92,3825,,,211,,,,,,,310,24.0,,,,,,,,,,,,,,,,,,,,,,,,,,,,,,,,,,,,,,,,,,,
2025-01-28,16:53:17,,,34.987793,-118.061157,,29.92,3775,,,210,,,,,,,313,24.0,,,,,,,,,,,,,,,,,,,,,,,,,,,,,,,,,,,,,,,,,,,
2025-01-28,16:53:19,,,34.989361,-118.063202,,29.92,3750,,,208,,,,,,,314,24.0,,,,,,,,,,,,,,,,,,,,,,,,,,,,,,,,,,,,,,,,,,,
2025-01-28,16:53:21,,,34.991222,-118.065491,,29.92,3700,,,206,,,,,,,315,24.0,,,,,,,,,,,,,,,,,,,,,,,,,,,,,,,,,,,,,,,,,,,
2025-01-28,16:53:23,,,34.992245,-118.06675,,29.92,3675,,,202,,,,,,,315,24.0,,,,,,,,,,,,,,,,,,,,,,,,,,,,,,,,,,,,,,,,,,,
2025-01-28,16:53:26,,,34.993973,-118.068893,,29.92,3650,,,199,,,,,,,315,24.0,,,,,,,,,,,,,,,,,,,,,,,,,,,,,,,,,,,,,,,,,,,
2025-01-28,16:53:28,,,34.995255,-118.070518,,29.92,3625,,,195,,,,,,,313,24.0,,,,,,,,,,,,,,,,,,,,,,,,,,,,,,,,,,,,,,,,,,,
2025-01-28,16:53:30,,,34.996624,-118.072128,,29.92,3600,,,194,,,,,,,313,24.0,,,,,,,,,,,,,,,,,,,,,,,,,,,,,,,,,,,,,,,,,,,
2025-01-28,16:53:32,,,34.998158,-118.074074,,29.92,3550,,,193,,,,,,,313,24.0,,,,,,,,,,,,,,,,,,,,,,,,,,,,,,,,,,,,,,,,,,,
2025-01-28,16:53:35,,,34.999786,-118.076065,,29.92,3525,,,190,,,,,,,314,24.0,,,,,,,,,,,,,,,,,,,,,,,,,,,,,,,,,,,,,,,,,,,
2025-01-28,16:53:37,,,35.001022,-118.077637,,29.92,3500,,,188,,,,,,,315,24.0,,,,,,,,,,,,,,,,,,,,,,,,,,,,,,,,,,,,,,,,,,,
2025-01-28,16:53:39,,,35.002258,-118.079094,,29.92,3475,,,185,,,,,,,315,24.0,,,,,,,,,,,,,,,,,,,,,,,,,,,,,,,,,,,,,,,,,,,
2025-01-28,16:53:41,,,35.003559,-118.080658,,29.92,3450,,,181,,,,,,,315,24.0,,,,,,,,,,,,,,,,,,,,,,,,,,,,,,,,,,,,,,,,,,,
2025-01-28,16:53:43,,,35.005047,-118.082489,,29.92,3425,,,179,,,,,,,315,24.0,,,,,,,,,,,,,,,,,,,,,,,,,,,,,,,,,,,,,,,,,,,
2025-01-28,16:53:50,,,35.008667,-118.086884,,29.92,3350,,,178,,,,,,,315,24.0,,,,,,,,,,,,,,,,,,,,,,,,,,,,,,,,,,,,,,,,,,,
2025-01-28,16:53:58,,,35.01384,-118.093163,,29.92,3225,,,175,,,,,,,315,24.0,,,,,,,,,,,,,,,,,,,,,,,,,,,,,,,,,,,,,,,,,,,
2025-01-28,16:54:05,,,35.017292,-118.097366,,29.92,3150,,,169,,,,,,,315,24.0,,,,,,,,,,,,,,,,,,,,,,,,,,,,,,,,,,,,,,,,,,,
2025-01-28,16:54:14,,,35.022354,-118.103584,,29.92,3025,,,173,,,,,,,315,24.0,,,,,,,,,,,,,,,,,,,,,,,,,,,,,,,,,,,,,,,,,,,
2025-01-28,16:54:20,,,35.02597,-118.108017,,29.92,2950,,,176,,,,,,,315,24.0,,,,,,,,,,,,,,,,,,,,,,,,,,,,,,,,,,,,,,,,,,,
2025-01-28,16:54:27,,,35.029861,-118.112701,,29.92,2875,,,175,,,,,,,315,24.0,,,,,,,,,,,,,,,,,,,,,,,,,,,,,,,,,,,,,,,,,,,
2025-01-28,16:54:35,,,35.034576,-118.1185,,29.92,2775,,,175,,,,,,,315,24.0,,,,,,,,,,,,,,,,,,,,,,,,,,,,,,,,,,,,,,,,,,,
2025-01-28,16:54:44,,,35.039543,-118.124542,,29.92,2650,,,175,,,,,,,315,24.0,,,,,,,,,,,,,,,,,,,,,,,,,,,,,,,,,,,,,,,,,,,
2025-01-28,16:54:50,,,35.043365,-118.129204,,29.92,2600,,,175,,,,,,,315,24.0,,,,,,,,,,,,,,,,,,,,,,,,,,,,,,,,,,,,,,,,,,,
2025-01-28,16:54:57,,,35.047028,-118.133629,,29.92,2550,,,165,,,,,,,315,24.0,,,,,,,,,,,,,,,,,,,,,,,,,,,,,,,,,,,,,,,,,,,
2025-01-28,16:55:05,,,35.051102,-118.138565,,29.92,2575,,,137,,,,,,,315,24.0,,,,,,,,,,,,,,,,,,,,,,,,,,,,,,,,,,,,,,,,,,,
2025-01-28,16:55:12,,,35.053848,-118.141869,,29.92,2600,,,123,,,,,,,315,24.0,,,,,,,,,,,,,,,,,,,,,,,,,,,,,,,,,,,,,,,,,,,
2025-01-28,16:55:18,,,35.056351,-118.144913,,29.92,2600,,,106,,,,,,,315,24.0,,,,,,,,,,,,,,,,,,,,,,,,,,,,,,,,,,,,,,,,,,,
2025-01-28,16:55:26,,,35.058804,-118.147911,,29.92,0,,,80,,,,,,,315,24.0,,,,,,,,,,,,,,,,,,,,,,,,,,,,,,,,,,,,,,,,,,,
2025-01-28,16:55:42,,,35.060715,-118.150208,,29.92,0,,,0,,,,,,,315,24.0,,,,,,,,,,,,,,,,,,,,,,,,,,,,,,,,,,,,,,,,,,,
2025-01-28,16:55:48,,,35.063076,-118.153053,,29.92,0,,,48,,,,,,,315,24.0,,,,,,,,,,,,,,,,,,,,,,,,,,,,,,,,,,,,,,,,,,,
2025-01-28,16:55:56,,,35.064377,-118.154625,,29.92,0,,,43,,,,,,,315,24.0,,,,,,,,,,,,,,,,,,,,,,,,,,,,,,,,,,,,,,,,,,,
2025-01-28,16:56:08,,,35.066048,-118.156654,,29.92,0,,,38,,,,,,,315,24.0,,,,,,,,,,,,,,,,,,,,,,,,,,,,,,,,,,,,,,,,,,,
2025-01-28,16:56:22,,,35.067696,-118.15863,,29.92,0,,,33,,,,,,,315,24.0,,,,,,,,,,,,,,,,,,,,,,,,,,,,,,,,,,,,,,,,,,,
2025-01-28,16:56:31,,,35.068523,-118.159691,,29.92,0,,,22,,,,,,,309,24.0,,,,,,,,,,,,,,,,,,,,,,,,,,,,,,,,,,,,,,,,,,,
2025-01-28,16:56:42,,,35.068623,-118.160721,,29.92,0,,,15,,,,,,,236,24.0,,,,,,,,,,,,,,,,,,,,,,,,,,,,,,,,,,,,,,,,,,,
2025-01-28,16:56:54,,,35.067883,-118.161102,,29.92,0,,,15,,,,,,,160,24.0,,,,,,,,,,,,,,,,,,,,,,,,,,,,,,,,,,,,,,,,,,,
2025-01-28,16:56:58,,,35.067673,-118.160934,,29.92,0,,,15,,,,,,,143,24.0,,,,,,,,,,,,,,,,,,,,,,,,,,,,,,,,,,,,,,,,,,,
2025-01-28,16:57:03,,,35.067394,-118.160637,,29.92,0,,,16,,,,,,,135,24.0,,,,,,,,,,,,,,,,,,,,,,,,,,,,,,,,,,,,,,,,,,,
2025-01-28,16:57:06,,,35.067192,-118.160408,,29.92,0,,,17,,,,,,,135,24.0,,,,,,,,,,,,,,,,,,,,,,,,,,,,,,,,,,,,,,,,,,,
2025-01-28,16:57:10,,,35.066963,-118.160103,,29.92,0,,,18,,,,,,,132,24.0,,,,,,,,,,,,,,,,,,,,,,,,,,,,,,,,,,,,,,,,,,,
2025-01-28,16:57:18,,,35.06646,-118.159485,,29.92,0,,,20,,,,,,,135,24.0,,,,,,,,,,,,,,,,,,,,,,,,,,,,,,,,,,,,,,,,,,,
2025-01-28,16:57:21,,,35.066265,-118.159248,,29.92,0,,,20,,,,,,,135,24.0,,,,,,,,,,,,,,,,,,,,,,,,,,,,,,,,,,,,,,,,,,,
2025-01-28,16:57:23,,,35.06609,-118.159035,,29.92,0,,,20,,,,,,,135,24.0,,,,,,,,,,,,,,,,,,,,,,,,,,,,,,,,,,,,,,,,,,,
2025-01-28,16:57:32,,,35.06543,-118.158279,,29.92,0,,,21,,,,,,,137,24.0,,,,,,,,,,,,,,,,,,,,,,,,,,,,,,,,,,,,,,,,,,,
2025-01-28,16:57:41,,,35.064835,-118.157547,,29.92,0,,,23,,,,,,,135,24.0,,,,,,,,,,,,,,,,,,,,,,,,,,,,,,,,,,,,,,,,,,,
2025-01-28,16:57:56,,,35.063576,-118.156029,,29.92,0,,,0,,,,,,,135,24.0,,,,,,,,,,,,,,,,,,,,,,,,,,,,,,,,,,,,,,,,,,,
2025-01-28,16:58:03,,,35.062923,-118.155243,,29.92,0,,,26,,,,,,,135,24.0,,,,,,,,,,,,,,,,,,,,,,,,,,,,,,,,,,,,,,,,,,,
2025-01-28,16:58:11,,,35.06226,-118.154442,,29.92,0,,,25,,,,,,,135,24.0,,,,,,,,,,,,,,,,,,,,,,,,,,,,,,,,,,,,,,,,,,,
2025-01-28,16:58:18,,,35.061596,-118.153641,,29.92,0,,,25,,,,,,,135,24.0,,,,,,,,,,,,,,,,,,,,,,,,,,,,,,,,,,,,,,,,,,,
2025-01-28,16:58:27,,,35.061016,-118.152939,,29.92,0,,,26,,,,,,,135,24.0,,,,,,,,,,,,,,,,,,,,,,,,,,,,,,,,,,,,,,,,,,,
2025-01-28,16:58:36,,,35.060074,-118.15181,,29.92,0,,,25,,,,,,,135,24.0,,,,,,,,,,,,,,,,,,,,,,,,,,,,,,,,,,,,,,,,,,,
2025-01-28,16:58:45,,,35.059246,-118.150795,,29.92,0,,,22,,,,,,,135,24.0,,,,,,,,,,,,,,,,,,,,,,,,,,,,,,,,,,,,,,,,,,,
2025-01-28,16:58:55,,,35.058582,-118.149979,,29.92,0,,,18,,,,,,,135,24.0,,,,,,,,,,,,,,,,,,,,,,,,,,,,,,,,,,,,,,,,,,,
2025-01-28,16:59:03,,,35.058105,-118.149536,,29.92,0,,,13,,,,,,,163,24.0,,,,,,,,,,,,,,,,,,,,,,,,,,,,,,,,,,,,,,,,,,,
2025-01-28,16:59:23,,,35.057625,-118.150711,,29.92,0,,,0,,,,,,,270,24.0,,,,,,,,,,,,,,,,,,,,,,,,,,,,,,,,,,,,,,,,,,,
2025-01-28,16:59:28,,,35.057606,-118.151062,,29.92,0,,,14,,,,,,,267,24.0,,,,,,,,,,,,,,,,,,,,,,,,,,,,,,,,,,,,,,,,,,,
2025-01-28,16:59:47,,,35.057606,-118.152138,,29.92,0,,,0,,,,,,,264,24.0,,,,,,,,,,,,,,,,,,,,,,,,,,,,,,,,,,,,,,,,,,,
2025-01-28,16:59:49,,,35.057407,-118.152397,,29.92,0,,,0,,,,,,,188,24.0,,,,,,,,,,,,,,,,,,,,,,,,,,,,,,,,,,,,,,,,,,,
2025-01-28,16:59:59,,,35.057152,-118.152237,,29.92,0,,,6,,,,,,,157,24.0,,,,,,,,,,,,,,,,,,,,,,,,,,,,,,,,,,,,,,,,,,,
2025-01-28,17:00:06,,,35.057106,-118.152023,,29.92,0,,,5,,,,,,,157,24.0,,,,,,,,,,,,,,,,,,,,,,,,,,,,,,,,,,,,,,,,,,,
2025-01-28,17:00:15,,,35.05711,-118.151779,,29.92,0,,,4,,,,,,,157,24.0,,,,,,,,,,,,,,,,,,,,,,,,,,,,,,,,,,,,,,,,,,,
